{
    "properties": {
        "ANALYSIS_VERSION": "450ffd4c",
        "HUM": 0,
        "TEMP": 20
    },
    "BREAKDOWN_VOLTAGE": -999,
    "IV_ARRAY": {
        "time": [
            0,
            2,
            4,
            6,
            8,
            10,
            12,
            14,
            16,
            18,
            20,
            22,
            24,
            26,
            28,
            30,
            32,
            34,
            36,
            38,
            40,
            42,
            44,
            46,
            48,
            50,
            52,
            54,
            56,
            58,
            60,
            62,
            64,
            66,
            68,
            70,
            72,
            74,
            76,
            78,
            80
        ],
        "voltage": [
            0,
            5,
            10,
            15,
            20,
            25,
            30,
            35,
            40,
            45,
            50,
            55,
            60,
            65,
            70,
            75,
            80,
            85,
            90,
            95,
            100,
            105,
            110,
            115,
            120,
            125,
            130,
            135,
            140,
            145,
            150,
            155,
            160,
            165,
            170,
            175,
            180,
            185,
            190,
            195,
            200
        ],
        "current": [
            2.9e-06,
            0.09419,
            0.08063000000000001,
            0.0836,
            0.08539,
            0.08689000000000001,
            0.08817,
            0.08932,
            0.09036999999999999,
            0.09126,
            0.0919,
            0.09244,
            0.09284,
            0.09327,
            0.09382,
            0.09436,
            0.0949,
            0.09545,
            0.096,
            0.09657,
            0.09717,
            0.09895999999999999,
            0.09922,
            0.09967000000000001,
            0.10027,
            0.10094,
            0.10166,
            0.10243999999999999,
            0.10326,
            0.10415,
            0.10507999999999999,
            0.10608,
            0.10712999999999999,
            0.10826000000000001,
            0.10944000000000001,
            0.1107,
            0.11201,
            0.11341,
            0.11486,
            0.11639,
            0.11798
        ],
        "sigma current": [],
        "temperature": [],
        "humidity": []
    },
    "IV_IMG": [],
    "LEAK_CURRENT": 0.09967000000000001,
    "MAXIMUM_VOLTAGE": 200,
    "NO_BREAKDOWN_VOLTAGE_OBSERVED": true
}