{
    "properties": {
        "ANALYSIS_VERSION": "450ffd4c",
        "HUM": 0,
        "TEMP": 20
    },
    "BREAKDOWN_VOLTAGE": -999,
    "IV_ARRAY": {
        "time": [
            0,
            2,
            4,
            6,
            8,
            10,
            12,
            14,
            16,
            18,
            20,
            22,
            24,
            26,
            28,
            30,
            32,
            34,
            36,
            38,
            40,
            42,
            44,
            46,
            48,
            50,
            52,
            54,
            56,
            58,
            60,
            62,
            64,
            66,
            68,
            70,
            72,
            74,
            76,
            78,
            80
        ],
        "voltage": [
            0,
            5,
            10,
            15,
            20,
            25,
            30,
            35,
            40,
            45,
            50,
            55,
            60,
            65,
            70,
            75,
            80,
            85,
            90,
            95,
            100,
            105,
            110,
            115,
            120,
            125,
            130,
            135,
            140,
            145,
            150,
            155,
            160,
            165,
            170,
            175,
            180,
            185,
            190,
            195,
            200
        ],
        "current": [
            9e-07,
            0.08344,
            0.07392,
            0.07799,
            0.08077,
            0.07111,
            0.08596,
            0.08767,
            0.08918,
            0.09055,
            0.09071,
            0.09277,
            0.09371,
            0.09457,
            0.09542,
            0.09628,
            0.0971,
            0.09788,
            0.09870000000000001,
            0.09953000000000001,
            0.10038,
            0.10084,
            0.10155,
            0.10234,
            0.10316,
            0.10402,
            0.10491,
            0.10584,
            0.1068,
            0.10779,
            0.10884,
            0.10991999999999999,
            0.11106,
            0.11225,
            0.1135,
            0.11482,
            0.11619,
            0.11764,
            0.11915,
            0.12071,
            0.12236
        ],
        "sigma current": [],
        "temperature": [],
        "humidity": []
    },
    "IV_IMG": [],
    "LEAK_CURRENT": 0.10234,
    "MAXIMUM_VOLTAGE": 200,
    "NO_BREAKDOWN_VOLTAGE_OBSERVED": true
}