{
    "properties": {
        "ANALYSIS_VERSION": "450ffd4c",
        "HUM": 0,
        "TEMP": 20
    },
    "BREAKDOWN_VOLTAGE": -999,
    "IV_ARRAY": {
        "time": [
            0,
            2,
            4,
            6,
            8,
            10,
            12,
            14,
            16,
            18,
            20,
            22,
            24,
            26,
            28,
            30,
            32,
            34,
            36,
            38,
            40,
            42,
            44,
            46,
            48,
            50,
            52,
            54,
            56,
            58,
            60,
            62,
            64,
            66,
            68,
            70,
            72,
            74,
            76,
            78,
            80
        ],
        "voltage": [
            0,
            5,
            10,
            15,
            20,
            25,
            30,
            35,
            40,
            45,
            50,
            55,
            60,
            65,
            70,
            75,
            80,
            85,
            90,
            95,
            100,
            105,
            110,
            115,
            120,
            125,
            130,
            135,
            140,
            145,
            150,
            155,
            160,
            165,
            170,
            175,
            180,
            185,
            190,
            195,
            200
        ],
        "current": [
            1.0000000000000001e-07,
            0.08931,
            0.07832,
            0.08198,
            0.0844,
            0.08632,
            0.08799,
            0.08944,
            0.09075,
            0.09188,
            0.09286,
            0.09374,
            0.09454,
            0.09527000000000001,
            0.09593,
            0.0966,
            0.09727999999999999,
            0.098,
            0.09834000000000001,
            0.09909,
            0.09983,
            0.10121000000000001,
            0.10178,
            0.10243999999999999,
            0.10316,
            0.10393000000000001,
            0.10473,
            0.10557,
            0.10644,
            0.10736,
            0.10833000000000001,
            0.10933999999999999,
            0.11042,
            0.11155,
            0.11273000000000001,
            0.11398000000000001,
            0.11528999999999999,
            0.11667,
            0.11811,
            0.11962,
            0.1212
        ],
        "sigma current": [],
        "temperature": [],
        "humidity": []
    },
    "IV_IMG": [],
    "LEAK_CURRENT": 0.10243999999999999,
    "MAXIMUM_VOLTAGE": 200,
    "NO_BREAKDOWN_VOLTAGE_OBSERVED": true
}