{
    "properties": {
        "ANALYSIS_VERSION": "450ffd4c",
        "HUM": 0,
        "TEMP": 20
    },
    "BREAKDOWN_VOLTAGE": -999,
    "IV_ARRAY": {
        "time": [
            0,
            2,
            4,
            6,
            8,
            10,
            12,
            14,
            16,
            18,
            20,
            22,
            24,
            26,
            28,
            30,
            32,
            34,
            36,
            38,
            40,
            42,
            44,
            46,
            48,
            50,
            52,
            54,
            56,
            58,
            60,
            62,
            64,
            66,
            68,
            70,
            72,
            74,
            76,
            78,
            80
        ],
        "voltage": [
            0,
            5,
            10,
            15,
            20,
            25,
            30,
            35,
            40,
            45,
            50,
            55,
            60,
            65,
            70,
            75,
            80,
            85,
            90,
            95,
            100,
            105,
            110,
            115,
            120,
            125,
            130,
            135,
            140,
            145,
            150,
            155,
            160,
            165,
            170,
            175,
            180,
            185,
            190,
            195,
            200
        ],
        "current": [
            9e-07,
            0.08742,
            0.07707,
            0.08116,
            0.08435,
            0.087,
            0.08882999999999999,
            0.09048,
            0.09215,
            0.09332,
            0.09447,
            0.09537999999999999,
            0.09623,
            0.09702000000000001,
            0.09785,
            0.09867,
            0.09949999999999999,
            0.10033,
            0.10116,
            0.10199,
            0.10183,
            0.10326,
            0.10393000000000001,
            0.10466,
            0.10548,
            0.10633,
            0.10721,
            0.10811000000000001,
            0.10903,
            0.10998999999999999,
            0.11098000000000001,
            0.11202000000000001,
            0.1131,
            0.11423,
            0.11542,
            0.11667,
            0.11797,
            0.11934,
            0.12076,
            0.12225,
            0.12380000000000001
        ],
        "sigma current": [],
        "temperature": [],
        "humidity": []
    },
    "IV_IMG": [],
    "LEAK_CURRENT": 0.10466,
    "MAXIMUM_VOLTAGE": 200,
    "NO_BREAKDOWN_VOLTAGE_OBSERVED": true
}