{
    "properties": {
        "ANALYSIS_VERSION": "450ffd4c",
        "HUM": 0,
        "TEMP": 20
    },
    "BREAKDOWN_VOLTAGE": -999,
    "IV_ARRAY": {
        "time": [
            0,
            2,
            4,
            6,
            8,
            10,
            12,
            14,
            16,
            18,
            20,
            22,
            24,
            26,
            28,
            30,
            32,
            34,
            36,
            38,
            40,
            42,
            44,
            46,
            48,
            50,
            52,
            54,
            56,
            58,
            60,
            62,
            64,
            66,
            68,
            70,
            72,
            74,
            76,
            78,
            80
        ],
        "voltage": [
            0,
            5,
            10,
            15,
            20,
            25,
            30,
            35,
            40,
            45,
            50,
            55,
            60,
            65,
            70,
            75,
            80,
            85,
            90,
            95,
            100,
            105,
            110,
            115,
            120,
            125,
            130,
            135,
            140,
            145,
            150,
            155,
            160,
            165,
            170,
            175,
            180,
            185,
            190,
            195,
            200
        ],
        "current": [
            5.0999999999999995e-06,
            0.08193,
            0.07214,
            0.07582,
            0.07833999999999999,
            0.08037,
            0.08211,
            0.08367,
            0.08512,
            0.08648,
            0.08753,
            0.08832999999999999,
            0.08903,
            0.08972,
            0.09041,
            0.0911,
            0.09176999999999999,
            0.09242,
            0.09307,
            0.09375,
            0.09443,
            0.09564,
            0.09625,
            0.09691,
            0.09761,
            0.09834000000000001,
            0.0991,
            0.0999,
            0.10073,
            0.1016,
            0.10250999999999999,
            0.10348,
            0.10448,
            0.10555,
            0.10667,
            0.10786,
            0.1091,
            0.11041,
            0.11178,
            0.11322,
            0.11473
        ],
        "sigma current": [],
        "temperature": [],
        "humidity": []
    },
    "IV_IMG": [],
    "LEAK_CURRENT": 0.09691,
    "MAXIMUM_VOLTAGE": 200,
    "NO_BREAKDOWN_VOLTAGE_OBSERVED": true
}