{
    "properties": {
        "ANALYSIS_VERSION": "450ffd4c",
        "HUM": 0,
        "TEMP": 20
    },
    "BREAKDOWN_VOLTAGE": -999,
    "IV_ARRAY": {
        "time": [
            0,
            2,
            4,
            6,
            8,
            10,
            12,
            14,
            16,
            18,
            20,
            22,
            24,
            26,
            28,
            30,
            32,
            34,
            36,
            38,
            40,
            42,
            44,
            46,
            48,
            50,
            52,
            54,
            56,
            58,
            60,
            62,
            64,
            66,
            68,
            70,
            72,
            74,
            76,
            78,
            80
        ],
        "voltage": [
            0,
            5,
            10,
            15,
            20,
            25,
            30,
            35,
            40,
            45,
            50,
            55,
            60,
            65,
            70,
            75,
            80,
            85,
            90,
            95,
            100,
            105,
            110,
            115,
            120,
            125,
            130,
            135,
            140,
            145,
            150,
            155,
            160,
            165,
            170,
            175,
            180,
            185,
            190,
            195,
            200
        ],
        "current": [
            2.0000000000000002e-07,
            0.08539,
            0.07533,
            0.07912,
            0.08163999999999999,
            0.08363,
            0.08532,
            0.08691,
            0.08850000000000001,
            0.09007,
            0.09086,
            0.09096,
            0.09153,
            0.09215,
            0.09277,
            0.09333,
            0.09389,
            0.09448,
            0.09509,
            0.09573,
            0.09638,
            0.09771,
            0.09824999999999999,
            0.09885000000000001,
            0.09949,
            0.10017000000000001,
            0.10089,
            0.10165,
            0.10243999999999999,
            0.10328,
            0.10415,
            0.10507,
            0.10604,
            0.10707,
            0.10815999999999999,
            0.10930000000000001,
            0.11051,
            0.11177,
            0.11311,
            0.1145,
            0.11596000000000001
        ],
        "sigma current": [],
        "temperature": [],
        "humidity": []
    },
    "IV_IMG": [],
    "LEAK_CURRENT": 0.09885000000000001,
    "MAXIMUM_VOLTAGE": 200,
    "NO_BREAKDOWN_VOLTAGE_OBSERVED": true
}