{
    "properties": {
        "ANALYSIS_VERSION": "450ffd4c",
        "HUM": 0,
        "TEMP": 20
    },
    "BREAKDOWN_VOLTAGE": -999,
    "IV_ARRAY": {
        "time": [
            0,
            2,
            4,
            6,
            8,
            10,
            12,
            14,
            16,
            18,
            20,
            22,
            24,
            26,
            28,
            30,
            32,
            34,
            36,
            38,
            40,
            42,
            44,
            46,
            48,
            50,
            52,
            54,
            56,
            58,
            60,
            62,
            64,
            66,
            68,
            70,
            72,
            74,
            76,
            78,
            80
        ],
        "voltage": [
            0,
            5,
            10,
            15,
            20,
            25,
            30,
            35,
            40,
            45,
            50,
            55,
            60,
            65,
            70,
            75,
            80,
            85,
            90,
            95,
            100,
            105,
            110,
            115,
            120,
            125,
            130,
            135,
            140,
            145,
            150,
            155,
            160,
            165,
            170,
            175,
            180,
            185,
            190,
            195,
            200
        ],
        "current": [
            5e-07,
            0.08232,
            0.0731,
            0.07723,
            0.08020000000000001,
            0.08269,
            0.08489000000000001,
            0.08693,
            0.08885,
            0.09057,
            0.09208,
            0.09331,
            0.09407,
            0.09473000000000001,
            0.09561,
            0.09622,
            0.09701000000000001,
            0.09785,
            0.09851,
            0.09925,
            0.10000999999999999,
            0.10113000000000001,
            0.10194,
            0.10272999999999999,
            0.10352,
            0.10432,
            0.10511000000000001,
            0.10592,
            0.10676999999999999,
            0.10765,
            0.10858,
            0.10955,
            0.11058,
            0.11166,
            0.1128,
            0.11399000000000001,
            0.11525,
            0.11657000000000001,
            0.11795,
            0.11941,
            0.12092
        ],
        "sigma current": [],
        "temperature": [],
        "humidity": []
    },
    "IV_IMG": [],
    "LEAK_CURRENT": 0.10272999999999999,
    "MAXIMUM_VOLTAGE": 200,
    "NO_BREAKDOWN_VOLTAGE_OBSERVED": true
}