{
    "properties": {
        "ANALYSIS_VERSION": "450ffd4c",
        "HUM": 0,
        "TEMP": 20
    },
    "BREAKDOWN_VOLTAGE": -999,
    "IV_ARRAY": {
        "time": [
            0,
            2,
            4,
            6,
            8,
            10,
            12,
            14,
            16,
            18,
            20,
            22,
            24,
            26,
            28,
            30,
            32,
            34,
            36,
            38,
            40,
            42,
            44,
            46,
            48,
            50,
            52,
            54,
            56,
            58,
            60,
            62,
            64,
            66,
            68,
            70,
            72,
            74,
            76,
            78,
            80
        ],
        "voltage": [
            0,
            5,
            10,
            15,
            20,
            25,
            30,
            35,
            40,
            45,
            50,
            55,
            60,
            65,
            70,
            75,
            80,
            85,
            90,
            95,
            100,
            105,
            110,
            115,
            120,
            125,
            130,
            135,
            140,
            145,
            150,
            155,
            160,
            165,
            170,
            175,
            180,
            185,
            190,
            195,
            200
        ],
        "current": [
            3.9e-06,
            0.09819,
            0.08415,
            0.08748,
            0.08934,
            0.09074,
            0.09187000000000001,
            0.09287999999999999,
            0.09383,
            0.09462,
            0.09526,
            0.09580999999999999,
            0.09628,
            0.0967,
            0.09713999999999999,
            0.09759,
            0.09809,
            0.09862,
            0.09917,
            0.09977,
            0.10039000000000001,
            0.10341,
            0.10327,
            0.10358,
            0.10409,
            0.10469,
            0.10535,
            0.10608,
            0.10686000000000001,
            0.1077,
            0.10861,
            0.10957,
            0.1106,
            0.11170000000000001,
            0.11287,
            0.1141,
            0.11541,
            0.11679,
            0.11824000000000001,
            0.11976,
            0.12134
        ],
        "sigma current": [],
        "temperature": [],
        "humidity": []
    },
    "IV_IMG": [],
    "LEAK_CURRENT": 0.10327,
    "MAXIMUM_VOLTAGE": 200,
    "NO_BREAKDOWN_VOLTAGE_OBSERVED": true
}