{
    "properties": {
        "ANALYSIS_VERSION": "450ffd4c",
        "HUM": 0,
        "TEMP": 20
    },
    "BREAKDOWN_VOLTAGE": -999,
    "IV_ARRAY": {
        "time": [
            0,
            2,
            4,
            6,
            8,
            10,
            12,
            14,
            16,
            18,
            20,
            22,
            24,
            26,
            28,
            30,
            32,
            34,
            36,
            38,
            40,
            42,
            44,
            46,
            48,
            50,
            52,
            54,
            56,
            58,
            60,
            62,
            64,
            66,
            68,
            70,
            72,
            74,
            76,
            78,
            80
        ],
        "voltage": [
            0,
            5,
            10,
            15,
            20,
            25,
            30,
            35,
            40,
            45,
            50,
            55,
            60,
            65,
            70,
            75,
            80,
            85,
            90,
            95,
            100,
            105,
            110,
            115,
            120,
            125,
            130,
            135,
            140,
            145,
            150,
            155,
            160,
            165,
            170,
            175,
            180,
            185,
            190,
            195,
            200
        ],
        "current": [
            1.2999999999999998e-06,
            0.10849,
            0.08518,
            0.08847999999999999,
            0.08104,
            0.08972,
            0.09902,
            0.09347,
            0.09426999999999999,
            0.09501,
            0.09469999999999999,
            0.09627,
            0.09655,
            0.09702000000000001,
            0.09759,
            0.09811,
            0.09867,
            0.09927,
            0.09991,
            0.10058,
            0.10129,
            0.10406,
            0.10408,
            0.10452,
            0.10517,
            0.10590000000000001,
            0.10672000000000001,
            0.10761,
            0.10857,
            0.10962999999999999,
            0.11075,
            0.11193,
            0.11319,
            0.11452999999999999,
            0.11594,
            0.11743,
            0.11901,
            0.12067000000000001,
            0.12240999999999999,
            0.12424,
            0.12614
        ],
        "sigma current": [],
        "temperature": [],
        "humidity": []
    },
    "IV_IMG": [],
    "LEAK_CURRENT": 0.10452,
    "MAXIMUM_VOLTAGE": 200,
    "NO_BREAKDOWN_VOLTAGE_OBSERVED": true
}