{
    "properties": {
        "ANALYSIS_VERSION": "450ffd4c",
        "HUM": 0,
        "TEMP": 20
    },
    "BREAKDOWN_VOLTAGE": -999,
    "IV_ARRAY": {
        "time": [
            0,
            2,
            4,
            6,
            8,
            10,
            12,
            14,
            16,
            18,
            20,
            22,
            24,
            26,
            28,
            30,
            32,
            34,
            36,
            38,
            40,
            42,
            44,
            46,
            48,
            50,
            52,
            54,
            56,
            58,
            60,
            62,
            64,
            66,
            68,
            70,
            72,
            74,
            76,
            78,
            80
        ],
        "voltage": [
            0,
            5,
            10,
            15,
            20,
            25,
            30,
            35,
            40,
            45,
            50,
            55,
            60,
            65,
            70,
            75,
            80,
            85,
            90,
            95,
            100,
            105,
            110,
            115,
            120,
            125,
            130,
            135,
            140,
            145,
            150,
            155,
            160,
            165,
            170,
            175,
            180,
            185,
            190,
            195,
            200
        ],
        "current": [
            2.0000000000000002e-07,
            0.08413,
            0.07472,
            0.07869999999999999,
            0.08134,
            0.08343,
            0.08517,
            0.08671,
            0.08814,
            0.08953,
            0.09061,
            0.09124,
            0.09192,
            0.09237,
            0.09333,
            0.09401000000000001,
            0.09451000000000001,
            0.09474,
            0.09606,
            0.09655999999999999,
            0.09698999999999999,
            0.09838999999999999,
            0.09897,
            0.09924,
            0.10025,
            0.10094,
            0.10167,
            0.10242,
            0.10321999999999999,
            0.10404999999999999,
            0.10492,
            0.10583000000000001,
            0.10679000000000001,
            0.10779,
            0.10647,
            0.10998,
            0.11116,
            0.11239,
            0.11369,
            0.11505,
            0.11583
        ],
        "sigma current": [],
        "temperature": [],
        "humidity": []
    },
    "IV_IMG": [],
    "LEAK_CURRENT": 0.09924,
    "MAXIMUM_VOLTAGE": 200,
    "NO_BREAKDOWN_VOLTAGE_OBSERVED": true
}