{
    "properties": {
        "ANALYSIS_VERSION": "450ffd4c",
        "HUM": 0,
        "TEMP": 20
    },
    "BREAKDOWN_VOLTAGE": -999,
    "IV_ARRAY": {
        "time": [
            0,
            2,
            4,
            6,
            8,
            10,
            12,
            14,
            16,
            18,
            20,
            22,
            24,
            26,
            28,
            30,
            32,
            34,
            36,
            38,
            40,
            42,
            44,
            46,
            48,
            50,
            52,
            54,
            56,
            58,
            60,
            62,
            64,
            66,
            68,
            70,
            72,
            74,
            76,
            78,
            80
        ],
        "voltage": [
            0,
            5,
            10,
            15,
            20,
            25,
            30,
            35,
            40,
            45,
            50,
            55,
            60,
            65,
            70,
            75,
            80,
            85,
            90,
            95,
            100,
            105,
            110,
            115,
            120,
            125,
            130,
            135,
            140,
            145,
            150,
            155,
            160,
            165,
            170,
            175,
            180,
            185,
            190,
            195,
            200
        ],
        "current": [
            3e-07,
            0.07127,
            0.06407,
            0.0674,
            0.06966,
            0.07152,
            0.07313,
            0.07458,
            0.07674,
            0.07722,
            0.07837000000000001,
            0.07931,
            0.08012000000000001,
            0.08098,
            0.08191999999999999,
            0.08291000000000001,
            0.08384,
            0.08471,
            0.08555,
            0.08637,
            0.08719,
            0.08843000000000001,
            0.08911,
            0.08984,
            0.09061,
            0.09141999999999999,
            0.09224,
            0.0931,
            0.09398,
            0.0949,
            0.09586,
            0.09687000000000001,
            0.09792000000000001,
            0.09902999999999999,
            0.10018,
            0.10139999999999999,
            0.10265999999999999,
            0.10396999999999999,
            0.10534,
            0.10676999999999999,
            0.10826000000000001
        ],
        "sigma current": [],
        "temperature": [],
        "humidity": []
    },
    "IV_IMG": [],
    "LEAK_CURRENT": 0.08843000000000001,
    "MAXIMUM_VOLTAGE": 200,
    "NO_BREAKDOWN_VOLTAGE_OBSERVED": true
}