{
    "properties": {
        "ANALYSIS_VERSION": "450ffd4c",
        "HUM": 0,
        "TEMP": 20
    },
    "BREAKDOWN_VOLTAGE": -999,
    "IV_ARRAY": {
        "time": [
            0,
            2,
            4,
            6,
            8,
            10,
            12,
            14,
            16,
            18,
            20,
            22,
            24,
            26,
            28,
            30,
            32,
            34,
            36,
            38,
            40,
            42,
            44,
            46,
            48,
            50,
            52,
            54,
            56,
            58,
            60,
            62,
            64,
            66,
            68,
            70,
            72,
            74,
            76,
            78,
            80
        ],
        "voltage": [
            0,
            5,
            10,
            15,
            20,
            25,
            30,
            35,
            40,
            45,
            50,
            55,
            60,
            65,
            70,
            75,
            80,
            85,
            90,
            95,
            100,
            105,
            110,
            115,
            120,
            125,
            130,
            135,
            140,
            145,
            150,
            155,
            160,
            165,
            170,
            175,
            180,
            185,
            190,
            195,
            200
        ],
        "current": [
            2.0000000000000002e-07,
            0.08421,
            0.07455,
            0.07843,
            0.08101,
            0.08306000000000001,
            0.08478,
            0.08631,
            0.0877,
            0.08904,
            0.09028,
            0.09111,
            0.0916,
            0.09221,
            0.09289,
            0.09365,
            0.09448,
            0.09513,
            0.09580999999999999,
            0.09654,
            0.09727,
            0.09855000000000001,
            0.09919,
            0.09987,
            0.1006,
            0.10136,
            0.10215,
            0.10298,
            0.10384,
            0.10474,
            0.10568000000000001,
            0.10666,
            0.1077,
            0.10878,
            0.10991999999999999,
            0.11112000000000001,
            0.11237000000000001,
            0.11369,
            0.11506999999999999,
            0.11651,
            0.11802
        ],
        "sigma current": [],
        "temperature": [],
        "humidity": []
    },
    "IV_IMG": [],
    "LEAK_CURRENT": 0.09987,
    "MAXIMUM_VOLTAGE": 200,
    "NO_BREAKDOWN_VOLTAGE_OBSERVED": true
}