{
    "properties": {
        "ANALYSIS_VERSION": "450ffd4c",
        "HUM": 0,
        "TEMP": 20
    },
    "BREAKDOWN_VOLTAGE": -999,
    "IV_ARRAY": {
        "time": [
            0,
            2,
            4,
            6,
            8,
            10,
            12,
            14,
            16,
            18,
            20,
            22,
            24,
            26,
            28,
            30,
            32,
            34,
            36,
            38,
            40,
            42,
            44,
            46,
            48,
            50,
            52,
            54,
            56,
            58,
            60,
            62,
            64,
            66,
            68,
            70,
            72,
            74,
            76,
            78,
            80
        ],
        "voltage": [
            0,
            5,
            10,
            15,
            20,
            25,
            30,
            35,
            40,
            45,
            50,
            55,
            60,
            65,
            70,
            75,
            80,
            85,
            90,
            95,
            100,
            105,
            110,
            115,
            120,
            125,
            130,
            135,
            140,
            145,
            150,
            155,
            160,
            165,
            170,
            175,
            180,
            185,
            190,
            195,
            200
        ],
        "current": [
            5e-07,
            0.08292000000000001,
            0.07340999999999999,
            0.07747000000000001,
            0.08020000000000001,
            0.08239,
            0.08423,
            0.08584,
            0.08728999999999999,
            0.08863,
            0.08988,
            0.0909,
            0.09176,
            0.09214,
            0.09475,
            0.09515,
            0.09668,
            0.09606,
            0.09765,
            0.09881,
            0.09927,
            0.10121000000000001,
            0.10192,
            0.10257999999999999,
            0.1033,
            0.10408,
            0.10487,
            0.10569,
            0.10654999999999999,
            0.10744000000000001,
            0.10839,
            0.10938,
            0.11043,
            0.11154,
            0.11270999999999999,
            0.11394,
            0.11523,
            0.11659,
            0.11802,
            0.11952,
            0.12108
        ],
        "sigma current": [],
        "temperature": [],
        "humidity": []
    },
    "IV_IMG": [],
    "LEAK_CURRENT": 0.10257999999999999,
    "MAXIMUM_VOLTAGE": 200,
    "NO_BREAKDOWN_VOLTAGE_OBSERVED": true
}