{
    "properties": {
        "ANALYSIS_VERSION": "450ffd4c",
        "HUM": 0,
        "TEMP": 20
    },
    "BREAKDOWN_VOLTAGE": -999,
    "IV_ARRAY": {
        "time": [
            0,
            2,
            4,
            6,
            8,
            10,
            12,
            14,
            16,
            18,
            20,
            22,
            24,
            26,
            28,
            30,
            32,
            34,
            36,
            38,
            40,
            42,
            44,
            46,
            48,
            50,
            52,
            54,
            56,
            58,
            60,
            62,
            64,
            66,
            68,
            70,
            72,
            74,
            76,
            78,
            80
        ],
        "voltage": [
            0,
            5,
            10,
            15,
            20,
            25,
            30,
            35,
            40,
            45,
            50,
            55,
            60,
            65,
            70,
            75,
            80,
            85,
            90,
            95,
            100,
            105,
            110,
            115,
            120,
            125,
            130,
            135,
            140,
            145,
            150,
            155,
            160,
            165,
            170,
            175,
            180,
            185,
            190,
            195,
            200
        ],
        "current": [
            4.6e-06,
            0.07758999999999999,
            0.08471999999999999,
            0.08851,
            0.0909,
            0.09271,
            0.09412999999999999,
            0.0953,
            0.09634,
            0.09732,
            0.09820000000000001,
            0.09892000000000001,
            0.09952,
            0.10006,
            0.10062,
            0.10122,
            0.10185,
            0.10250999999999999,
            0.10318000000000001,
            0.10387,
            0.10458,
            0.10647,
            0.10683999999999999,
            0.1074,
            0.10807,
            0.10879,
            0.10955,
            0.11034,
            0.11116999999999999,
            0.11205,
            0.11298,
            0.11395999999999999,
            0.11501,
            0.11611,
            0.11726,
            0.11845,
            0.11971000000000001,
            0.12103,
            0.12240000000000001,
            0.12384,
            0.12533
        ],
        "sigma current": [],
        "temperature": [],
        "humidity": []
    },
    "IV_IMG": [],
    "LEAK_CURRENT": 0.1074,
    "MAXIMUM_VOLTAGE": 200,
    "NO_BREAKDOWN_VOLTAGE_OBSERVED": true
}