{
    "properties": {
        "ANALYSIS_VERSION": "450ffd4c",
        "HUM": 0,
        "TEMP": 20
    },
    "BREAKDOWN_VOLTAGE": -999,
    "IV_ARRAY": {
        "time": [
            0,
            2,
            4,
            6,
            8,
            10,
            12,
            14,
            16,
            18,
            20,
            22,
            24,
            26,
            28,
            30,
            32,
            34,
            36,
            38,
            40,
            42,
            44,
            46,
            48,
            50,
            52,
            54,
            56,
            58,
            60,
            62,
            64,
            66,
            68,
            70,
            72,
            74,
            76,
            78,
            80
        ],
        "voltage": [
            0,
            5,
            10,
            15,
            20,
            25,
            30,
            35,
            40,
            45,
            50,
            55,
            60,
            65,
            70,
            75,
            80,
            85,
            90,
            95,
            100,
            105,
            110,
            115,
            120,
            125,
            130,
            135,
            140,
            145,
            150,
            155,
            160,
            165,
            170,
            175,
            180,
            185,
            190,
            195,
            200
        ],
        "current": [
            5e-07,
            0.07968,
            0.07064000000000001,
            0.07455,
            0.07735,
            0.07970000000000001,
            0.0818,
            0.08378,
            0.08566,
            0.08745,
            0.0891,
            0.09051,
            0.09150000000000001,
            0.09176999999999999,
            0.09251999999999999,
            0.0934,
            0.09429000000000001,
            0.09515,
            0.09598000000000001,
            0.09680000000000001,
            0.09762,
            0.09874,
            0.09955,
            0.10037,
            0.10118999999999999,
            0.10201,
            0.10284,
            0.1037,
            0.10457,
            0.10548,
            0.10642,
            0.10742,
            0.10846,
            0.10955999999999999,
            0.1107,
            0.11191,
            0.11317,
            0.1145,
            0.11589,
            0.11733,
            0.11885
        ],
        "sigma current": [],
        "temperature": [],
        "humidity": []
    },
    "IV_IMG": [],
    "LEAK_CURRENT": 0.10037,
    "MAXIMUM_VOLTAGE": 200,
    "NO_BREAKDOWN_VOLTAGE_OBSERVED": true
}