{
    "properties": {
        "ANALYSIS_VERSION": "450ffd4c",
        "HUM": 0,
        "TEMP": 20
    },
    "BREAKDOWN_VOLTAGE": -999,
    "IV_ARRAY": {
        "time": [
            0,
            2,
            4,
            6,
            8,
            10,
            12,
            14,
            16,
            18,
            20,
            22,
            24,
            26,
            28,
            30,
            32,
            34,
            36,
            38,
            40,
            42,
            44,
            46,
            48,
            50,
            52,
            54,
            56,
            58,
            60,
            62,
            64,
            66,
            68,
            70,
            72,
            74,
            76,
            78,
            80
        ],
        "voltage": [
            0,
            5,
            10,
            15,
            20,
            25,
            30,
            35,
            40,
            45,
            50,
            55,
            60,
            65,
            70,
            75,
            80,
            85,
            90,
            95,
            100,
            105,
            110,
            115,
            120,
            125,
            130,
            135,
            140,
            145,
            150,
            155,
            160,
            165,
            170,
            175,
            180,
            185,
            190,
            195,
            200
        ],
        "current": [
            5.500000000000001e-06,
            0.09955,
            0.08541,
            0.08911,
            0.09151000000000001,
            0.09355,
            0.09493,
            0.09526,
            0.09613000000000001,
            0.09683,
            0.09757,
            0.09828,
            0.09884,
            0.09931,
            0.09977,
            0.10028,
            0.10087,
            0.1015,
            0.10213,
            0.10278,
            0.10345,
            0.10597000000000001,
            0.10611,
            0.10654999999999999,
            0.10715000000000001,
            0.10781,
            0.10851999999999999,
            0.10926999999999999,
            0.11005999999999999,
            0.11091000000000001,
            0.1118,
            0.11275,
            0.11376,
            0.11483,
            0.11597,
            0.11717,
            0.11842,
            0.11973,
            0.1211,
            0.12253,
            0.12401999999999999
        ],
        "sigma current": [],
        "temperature": [],
        "humidity": []
    },
    "IV_IMG": [],
    "LEAK_CURRENT": 0.10654999999999999,
    "MAXIMUM_VOLTAGE": 200,
    "NO_BREAKDOWN_VOLTAGE_OBSERVED": true
}