{
    "properties": {
        "ANALYSIS_VERSION": "450ffd4c",
        "HUM": 0,
        "TEMP": 20
    },
    "BREAKDOWN_VOLTAGE": -999,
    "IV_ARRAY": {
        "time": [
            0,
            2,
            4,
            6,
            8,
            10,
            12,
            14,
            16,
            18,
            20,
            22,
            24,
            26,
            28,
            30,
            32,
            34,
            36,
            38,
            40,
            42,
            44,
            46,
            48,
            50,
            52,
            54,
            56,
            58,
            60,
            62,
            64,
            66,
            68,
            70,
            72,
            74,
            76,
            78,
            80
        ],
        "voltage": [
            0,
            5,
            10,
            15,
            20,
            25,
            30,
            35,
            40,
            45,
            50,
            55,
            60,
            65,
            70,
            75,
            80,
            85,
            90,
            95,
            100,
            105,
            110,
            115,
            120,
            125,
            130,
            135,
            140,
            145,
            150,
            155,
            160,
            165,
            170,
            175,
            180,
            185,
            190,
            195,
            200
        ],
        "current": [
            3e-07,
            0.07879000000000001,
            0.07017,
            0.07400999999999999,
            0.07671,
            0.07895,
            0.08093,
            0.08273,
            0.08442,
            0.08589999999999999,
            0.08707,
            0.08804,
            0.08893000000000001,
            0.08979,
            0.09067,
            0.09154,
            0.09235,
            0.09315,
            0.09395,
            0.09477,
            0.09559,
            0.09677,
            0.09757,
            0.09841000000000001,
            0.09929,
            0.10021,
            0.10116,
            0.10217,
            0.10324,
            0.10436000000000001,
            0.10554000000000001,
            0.1068,
            0.10812000000000001,
            0.10952,
            0.111,
            0.11256,
            0.11421,
            0.11594,
            0.11776,
            0.11968,
            0.12167
        ],
        "sigma current": [],
        "temperature": [],
        "humidity": []
    },
    "IV_IMG": [],
    "LEAK_CURRENT": 0.09841000000000001,
    "MAXIMUM_VOLTAGE": 200,
    "NO_BREAKDOWN_VOLTAGE_OBSERVED": true
}