{
    "properties": {
        "ANALYSIS_VERSION": "450ffd4c",
        "HUM": 0,
        "TEMP": 20
    },
    "BREAKDOWN_VOLTAGE": -999,
    "IV_ARRAY": {
        "time": [
            0,
            2,
            4,
            6,
            8,
            10,
            12,
            14,
            16,
            18,
            20,
            22,
            24,
            26,
            28,
            30,
            32,
            34,
            36,
            38,
            40,
            42,
            44,
            46,
            48,
            50,
            52,
            54,
            56,
            58,
            60,
            62,
            64,
            66,
            68,
            70,
            72,
            74,
            76,
            78,
            80
        ],
        "voltage": [
            0,
            5,
            10,
            15,
            20,
            25,
            30,
            35,
            40,
            45,
            50,
            55,
            60,
            65,
            70,
            75,
            80,
            85,
            90,
            95,
            100,
            105,
            110,
            115,
            120,
            125,
            130,
            135,
            140,
            145,
            150,
            155,
            160,
            165,
            170,
            175,
            180,
            185,
            190,
            195,
            200
        ],
        "current": [
            1.0000000000000001e-07,
            0.10747,
            0.07739,
            0.07517,
            0.07789,
            0.08013,
            0.08206,
            0.0838,
            0.08542000000000001,
            0.08692,
            0.08819,
            0.08929,
            0.09031,
            0.09126,
            0.08603,
            0.09303,
            0.0939,
            0.0948,
            0.09570000000000001,
            0.09661,
            0.09752,
            0.09877000000000001,
            0.09966,
            0.10058,
            0.10153,
            0.10250999999999999,
            0.10353,
            0.10459,
            0.10569,
            0.10683999999999999,
            0.10805000000000001,
            0.10932,
            0.11066,
            0.11209000000000001,
            0.11358,
            0.11515,
            0.11679,
            0.11853,
            0.12034,
            0.12225,
            0.12424
        ],
        "sigma current": [],
        "temperature": [],
        "humidity": []
    },
    "IV_IMG": [],
    "LEAK_CURRENT": 0.10058,
    "MAXIMUM_VOLTAGE": 200,
    "NO_BREAKDOWN_VOLTAGE_OBSERVED": true
}