{
    "properties": {
        "ANALYSIS_VERSION": "450ffd4c",
        "HUM": 0,
        "TEMP": 20
    },
    "BREAKDOWN_VOLTAGE": -999,
    "IV_ARRAY": {
        "time": [
            0,
            2,
            4,
            6,
            8,
            10,
            12,
            14,
            16,
            18,
            20,
            22,
            24,
            26,
            28,
            30,
            32,
            34,
            36,
            38,
            40,
            42,
            44,
            46,
            48,
            50,
            52,
            54,
            56,
            58,
            60,
            62,
            64,
            66,
            68,
            70,
            72,
            74,
            76,
            78,
            80
        ],
        "voltage": [
            0,
            5,
            10,
            15,
            20,
            25,
            30,
            35,
            40,
            45,
            50,
            55,
            60,
            65,
            70,
            75,
            80,
            85,
            90,
            95,
            100,
            105,
            110,
            115,
            120,
            125,
            130,
            135,
            140,
            145,
            150,
            155,
            160,
            165,
            170,
            175,
            180,
            185,
            190,
            195,
            200
        ],
        "current": [
            3.6e-06,
            0.07945,
            0.08264,
            0.09217,
            0.08811,
            0.09054,
            0.09318,
            0.09549,
            0.09783,
            0.09621,
            0.10037,
            0.09956,
            0.10010000000000001,
            0.10057,
            0.10121000000000001,
            0.1019,
            0.10263,
            0.10342,
            0.10413,
            0.10490000000000001,
            0.10568000000000001,
            0.10739,
            0.10796,
            0.10865,
            0.10937000000000001,
            0.11011,
            0.11089,
            0.11169,
            0.11253,
            0.11342,
            0.11434,
            0.11532,
            0.11636,
            0.11745,
            0.11859,
            0.11981000000000001,
            0.12107000000000001,
            0.12240000000000001,
            0.12380999999999999,
            0.12526,
            0.12679
        ],
        "sigma current": [],
        "temperature": [],
        "humidity": []
    },
    "IV_IMG": [],
    "LEAK_CURRENT": 0.10865,
    "MAXIMUM_VOLTAGE": 200,
    "NO_BREAKDOWN_VOLTAGE_OBSERVED": true
}