{
    "properties": {
        "ANALYSIS_VERSION": "450ffd4c",
        "HUM": 0,
        "TEMP": 20
    },
    "BREAKDOWN_VOLTAGE": -999,
    "IV_ARRAY": {
        "time": [
            0,
            2,
            4,
            6,
            8,
            10,
            12,
            14,
            16,
            18,
            20,
            22,
            24,
            26,
            28,
            30,
            32,
            34,
            36,
            38,
            40,
            42,
            44,
            46,
            48,
            50,
            52,
            54,
            56,
            58,
            60,
            62,
            64,
            66,
            68,
            70,
            72,
            74,
            76,
            78,
            80
        ],
        "voltage": [
            0,
            5,
            10,
            15,
            20,
            25,
            30,
            35,
            40,
            45,
            50,
            55,
            60,
            65,
            70,
            75,
            80,
            85,
            90,
            95,
            100,
            105,
            110,
            115,
            120,
            125,
            130,
            135,
            140,
            145,
            150,
            155,
            160,
            165,
            170,
            175,
            180,
            185,
            190,
            195,
            200
        ],
        "current": [
            6e-07,
            0.09496,
            0.08017999999999999,
            0.08333,
            0.08654,
            0.08996000000000001,
            0.09269000000000001,
            0.09364,
            0.09325,
            0.09362,
            0.09412,
            0.09465,
            0.09512,
            0.09563,
            0.09616,
            0.09673000000000001,
            0.09731000000000001,
            0.09793,
            0.09857,
            0.09923,
            0.0999,
            0.10235,
            0.10254,
            0.10296000000000001,
            0.10353,
            0.10417,
            0.10486,
            0.10561000000000001,
            0.1064,
            0.10724,
            0.10813,
            0.10909,
            0.1101,
            0.11116999999999999,
            0.11230000000000001,
            0.11349000000000001,
            0.11475,
            0.11608,
            0.11747,
            0.11893,
            0.12045
        ],
        "sigma current": [],
        "temperature": [],
        "humidity": []
    },
    "IV_IMG": [],
    "LEAK_CURRENT": 0.10296000000000001,
    "MAXIMUM_VOLTAGE": 200,
    "NO_BREAKDOWN_VOLTAGE_OBSERVED": true
}