{
    "properties": {
        "ANALYSIS_VERSION": "450ffd4c",
        "HUM": 0,
        "TEMP": 20
    },
    "BREAKDOWN_VOLTAGE": -999,
    "IV_ARRAY": {
        "time": [
            0,
            2,
            4,
            6,
            8,
            10,
            12,
            14,
            16,
            18,
            20,
            22,
            24,
            26,
            28,
            30,
            32,
            34,
            36,
            38,
            40,
            42,
            44,
            46,
            48,
            50,
            52,
            54,
            56,
            58,
            60,
            62,
            64,
            66,
            68,
            70,
            72,
            74,
            76,
            78,
            80
        ],
        "voltage": [
            0,
            5,
            10,
            15,
            20,
            25,
            30,
            35,
            40,
            45,
            50,
            55,
            60,
            65,
            70,
            75,
            80,
            85,
            90,
            95,
            100,
            105,
            110,
            115,
            120,
            125,
            130,
            135,
            140,
            145,
            150,
            155,
            160,
            165,
            170,
            175,
            180,
            185,
            190,
            195,
            200
        ],
        "current": [
            5e-07,
            0.08459,
            0.07531,
            0.07955,
            0.0825,
            0.08489000000000001,
            0.08696000000000001,
            0.08882999999999999,
            0.09061,
            0.0923,
            0.09383999999999999,
            0.09487,
            0.09545999999999999,
            0.09622,
            0.09697,
            0.09771,
            0.09849000000000001,
            0.09931,
            0.10007999999999999,
            0.10085000000000001,
            0.10162,
            0.10297,
            0.10372,
            0.10446,
            0.10521,
            0.10597000000000001,
            0.10676,
            0.10758,
            0.10842,
            0.10928,
            0.11023000000000001,
            0.11120000000000001,
            0.11223000000000001,
            0.11332,
            0.11445,
            0.11565,
            0.11689999999999999,
            0.11821999999999999,
            0.11960000000000001,
            0.12104999999999999,
            0.12254999999999999
        ],
        "sigma current": [],
        "temperature": [],
        "humidity": []
    },
    "IV_IMG": [],
    "LEAK_CURRENT": 0.10446,
    "MAXIMUM_VOLTAGE": 200,
    "NO_BREAKDOWN_VOLTAGE_OBSERVED": true
}