{
    "properties": {
        "ANALYSIS_VERSION": "450ffd4c",
        "HUM": 0,
        "TEMP": 20
    },
    "BREAKDOWN_VOLTAGE": -999,
    "IV_ARRAY": {
        "time": [
            0,
            2,
            4,
            6,
            8,
            10,
            12,
            14,
            16,
            18,
            20,
            22,
            24,
            26,
            28,
            30,
            32,
            34,
            36,
            38,
            40,
            42,
            44,
            46,
            48,
            50,
            52,
            54,
            56,
            58,
            60,
            62,
            64,
            66,
            68,
            70,
            72,
            74,
            76,
            78,
            80
        ],
        "voltage": [
            0,
            5,
            10,
            15,
            20,
            25,
            30,
            35,
            40,
            45,
            50,
            55,
            60,
            65,
            70,
            75,
            80,
            85,
            90,
            95,
            100,
            105,
            110,
            115,
            120,
            125,
            130,
            135,
            140,
            145,
            150,
            155,
            160,
            165,
            170,
            175,
            180,
            185,
            190,
            195,
            200
        ],
        "current": [
            4.7e-06,
            0.09809,
            0.08439,
            0.08815,
            0.09040000000000001,
            0.09204,
            0.09334,
            0.09446,
            0.09543,
            0.09623999999999999,
            0.09705,
            0.09772,
            0.09827000000000001,
            0.09878,
            0.09932,
            0.09989,
            0.10049,
            0.10112,
            0.10178,
            0.10245,
            0.10314999999999999,
            0.10551999999999999,
            0.10572999999999999,
            0.10622,
            0.10683999999999999,
            0.10752,
            0.10823999999999999,
            0.109,
            0.10980000000000001,
            0.11065,
            0.11156,
            0.11254,
            0.11358,
            0.11467,
            0.1158,
            0.117,
            0.11825000000000001,
            0.11955,
            0.12093999999999999,
            0.12237,
            0.12387000000000001
        ],
        "sigma current": [],
        "temperature": [],
        "humidity": []
    },
    "IV_IMG": [],
    "LEAK_CURRENT": 0.10622,
    "MAXIMUM_VOLTAGE": 200,
    "NO_BREAKDOWN_VOLTAGE_OBSERVED": true
}