{
    "properties": {
        "ANALYSIS_VERSION": "450ffd4c",
        "HUM": 0,
        "TEMP": 20
    },
    "BREAKDOWN_VOLTAGE": -999,
    "IV_ARRAY": {
        "time": [
            0,
            2,
            4,
            6,
            8,
            10,
            12,
            14,
            16,
            18,
            20,
            22,
            24,
            26,
            28,
            30,
            32,
            34,
            36,
            38,
            40,
            42,
            44,
            46,
            48,
            50,
            52,
            54,
            56,
            58,
            60,
            62,
            64,
            66,
            68,
            70,
            72,
            74,
            76,
            78,
            80
        ],
        "voltage": [
            0,
            5,
            10,
            15,
            20,
            25,
            30,
            35,
            40,
            45,
            50,
            55,
            60,
            65,
            70,
            75,
            80,
            85,
            90,
            95,
            100,
            105,
            110,
            115,
            120,
            125,
            130,
            135,
            140,
            145,
            150,
            155,
            160,
            165,
            170,
            175,
            180,
            185,
            190,
            195,
            200
        ],
        "current": [
            3e-07,
            0.07748000000000001,
            0.06868,
            0.07246,
            0.07509,
            0.07728,
            0.07921,
            0.08098,
            0.08262,
            0.08404,
            0.08524999999999999,
            0.08633,
            0.08733,
            0.08825999999999999,
            0.08912,
            0.09,
            0.09087,
            0.09174,
            0.09262000000000001,
            0.0935,
            0.09438,
            0.09563,
            0.09645,
            0.09731000000000001,
            0.09817999999999999,
            0.09906,
            0.09996000000000001,
            0.10087,
            0.10182,
            0.10279999999999999,
            0.10382,
            0.10488,
            0.10599,
            0.10715000000000001,
            0.10835,
            0.10961,
            0.11094,
            0.11232,
            0.11377000000000001,
            0.11528,
            0.11685000000000001
        ],
        "sigma current": [],
        "temperature": [],
        "humidity": []
    },
    "IV_IMG": [],
    "LEAK_CURRENT": 0.09731000000000001,
    "MAXIMUM_VOLTAGE": 200,
    "NO_BREAKDOWN_VOLTAGE_OBSERVED": true
}