{
    "properties": {
        "ANALYSIS_VERSION": "450ffd4c",
        "HUM": 0,
        "TEMP": 20
    },
    "BREAKDOWN_VOLTAGE": -999,
    "IV_ARRAY": {
        "time": [
            0,
            2,
            4,
            6,
            8,
            10,
            12,
            14,
            16,
            18,
            20,
            22,
            24,
            26,
            28,
            30,
            32,
            34,
            36,
            38,
            40,
            42,
            44,
            46,
            48,
            50,
            52,
            54,
            56,
            58,
            60,
            62,
            64,
            66,
            68,
            70,
            72,
            74,
            76,
            78,
            80
        ],
        "voltage": [
            0,
            5,
            10,
            15,
            20,
            25,
            30,
            35,
            40,
            45,
            50,
            55,
            60,
            65,
            70,
            75,
            80,
            85,
            90,
            95,
            100,
            105,
            110,
            115,
            120,
            125,
            130,
            135,
            140,
            145,
            150,
            155,
            160,
            165,
            170,
            175,
            180,
            185,
            190,
            195,
            200
        ],
        "current": [
            4.7e-06,
            0.09951,
            0.08675000000000001,
            0.09032,
            0.09225,
            0.0936,
            0.09471,
            0.09559,
            0.09635,
            0.09705,
            0.0977,
            0.09829,
            0.09877000000000001,
            0.0992,
            0.09963,
            0.10009,
            0.10064000000000001,
            0.10124999999999999,
            0.10187,
            0.10252,
            0.10319,
            0.10589,
            0.10584,
            0.10621,
            0.10678,
            0.10743,
            0.10815,
            0.10896,
            0.10981,
            0.1107,
            0.11163000000000001,
            0.11261,
            0.11365,
            0.11476,
            0.11592,
            0.11716,
            0.11847,
            0.11985,
            0.1213,
            0.12282000000000001,
            0.12440999999999999
        ],
        "sigma current": [],
        "temperature": [],
        "humidity": []
    },
    "IV_IMG": [],
    "LEAK_CURRENT": 0.10621,
    "MAXIMUM_VOLTAGE": 200,
    "NO_BREAKDOWN_VOLTAGE_OBSERVED": true
}