{
    "properties": {
        "ANALYSIS_VERSION": "450ffd4c",
        "HUM": 0,
        "TEMP": 20
    },
    "BREAKDOWN_VOLTAGE": -999,
    "IV_ARRAY": {
        "time": [
            0,
            2,
            4,
            6,
            8,
            10,
            12,
            14,
            16,
            18,
            20,
            22,
            24,
            26,
            28,
            30,
            32,
            34,
            36,
            38,
            40,
            42,
            44,
            46,
            48,
            50,
            52,
            54,
            56,
            58,
            60,
            62,
            64,
            66,
            68,
            70,
            72,
            74,
            76,
            78,
            80
        ],
        "voltage": [
            0,
            5,
            10,
            15,
            20,
            25,
            30,
            35,
            40,
            45,
            50,
            55,
            60,
            65,
            70,
            75,
            80,
            85,
            90,
            95,
            100,
            105,
            110,
            115,
            120,
            125,
            130,
            135,
            140,
            145,
            150,
            155,
            160,
            165,
            170,
            175,
            180,
            185,
            190,
            195,
            200
        ],
        "current": [
            6e-07,
            0.09099,
            0.08023999999999999,
            0.08455,
            0.08746000000000001,
            0.08975000000000001,
            0.09169999999999999,
            0.09338,
            0.09486,
            0.09620000000000001,
            0.09737,
            0.0983,
            0.09905,
            0.09973,
            0.10042,
            0.10114000000000001,
            0.10183,
            0.10252,
            0.10321,
            0.10390999999999999,
            0.10463,
            0.1063,
            0.10688,
            0.10749,
            0.10815,
            0.10885,
            0.10958000000000001,
            0.11035,
            0.11114,
            0.11198999999999999,
            0.11287,
            0.11381999999999999,
            0.11482,
            0.11587,
            0.11698,
            0.11488,
            0.11936999999999999,
            0.12065000000000001,
            0.12198,
            0.12339,
            0.12485
        ],
        "sigma current": [],
        "temperature": [],
        "humidity": []
    },
    "IV_IMG": [],
    "LEAK_CURRENT": 0.10749,
    "MAXIMUM_VOLTAGE": 200,
    "NO_BREAKDOWN_VOLTAGE_OBSERVED": true
}