{
    "properties": {
        "ANALYSIS_VERSION": "450ffd4c",
        "HUM": 0,
        "TEMP": 20
    },
    "BREAKDOWN_VOLTAGE": -999,
    "IV_ARRAY": {
        "time": [
            0,
            2,
            4,
            6,
            8,
            10,
            12,
            14,
            16,
            18,
            20,
            22,
            24,
            26,
            28,
            30,
            32,
            34,
            36,
            38,
            40,
            42,
            44,
            46,
            48,
            50,
            52,
            54,
            56,
            58,
            60,
            62,
            64,
            66,
            68,
            70,
            72,
            74,
            76,
            78,
            80
        ],
        "voltage": [
            0,
            5,
            10,
            15,
            20,
            25,
            30,
            35,
            40,
            45,
            50,
            55,
            60,
            65,
            70,
            75,
            80,
            85,
            90,
            95,
            100,
            105,
            110,
            115,
            120,
            125,
            130,
            135,
            140,
            145,
            150,
            155,
            160,
            165,
            170,
            175,
            180,
            185,
            190,
            195,
            200
        ],
        "current": [
            4.0000000000000003e-07,
            0.09706999999999999,
            0.08365,
            0.08778999999999999,
            0.09033000000000001,
            0.09224,
            0.09374,
            0.09499,
            0.09609999999999999,
            0.09711,
            0.09798,
            0.09872,
            0.09934,
            0.09992999999999999,
            0.10052,
            0.10110999999999999,
            0.10173,
            0.10239000000000001,
            0.10307,
            0.10378,
            0.10451,
            0.10683,
            0.10723,
            0.10781,
            0.10851,
            0.10926999999999999,
            0.11008,
            0.11095999999999999,
            0.11189,
            0.11291,
            0.114,
            0.11517000000000001,
            0.1164,
            0.11771,
            0.11909,
            0.12054,
            0.12207000000000001,
            0.12368000000000001,
            0.12536,
            0.12713,
            0.12899
        ],
        "sigma current": [],
        "temperature": [],
        "humidity": []
    },
    "IV_IMG": [],
    "LEAK_CURRENT": 0.10781,
    "MAXIMUM_VOLTAGE": 200,
    "NO_BREAKDOWN_VOLTAGE_OBSERVED": true
}