{
    "properties": {
        "ANALYSIS_VERSION": "450ffd4c",
        "HUM": 0,
        "TEMP": 20
    },
    "BREAKDOWN_VOLTAGE": -999,
    "IV_ARRAY": {
        "time": [
            0,
            2,
            4,
            6,
            8,
            10,
            12,
            14,
            16,
            18,
            20,
            22,
            24,
            26,
            28,
            30,
            32,
            34,
            36,
            38,
            40,
            42,
            44,
            46,
            48,
            50,
            52,
            54,
            56,
            58,
            60,
            62,
            64,
            66,
            68,
            70,
            72,
            74,
            76,
            78,
            80
        ],
        "voltage": [
            0,
            5,
            10,
            15,
            20,
            25,
            30,
            35,
            40,
            45,
            50,
            55,
            60,
            65,
            70,
            75,
            80,
            85,
            90,
            95,
            100,
            105,
            110,
            115,
            120,
            125,
            130,
            135,
            140,
            145,
            150,
            155,
            160,
            165,
            170,
            175,
            180,
            185,
            190,
            195,
            200
        ],
        "current": [
            3e-07,
            0.07927,
            0.07052,
            0.07439000000000001,
            0.07707,
            0.07926,
            0.08115,
            0.08287,
            0.08447,
            0.08598,
            0.08728999999999999,
            0.08828,
            0.08913,
            0.08993999999999999,
            0.09077,
            0.09168,
            0.09258,
            0.09346,
            0.09432,
            0.09516,
            0.096,
            0.09720999999999999,
            0.09798,
            0.09876,
            0.09955,
            0.10035999999999999,
            0.10117999999999999,
            0.10202,
            0.10288,
            0.10378,
            0.10472000000000001,
            0.1057,
            0.10672000000000001,
            0.10779,
            0.10891,
            0.11009000000000001,
            0.11133,
            0.11262,
            0.11398000000000001,
            0.1154,
            0.11688
        ],
        "sigma current": [],
        "temperature": [],
        "humidity": []
    },
    "IV_IMG": [],
    "LEAK_CURRENT": 0.09876,
    "MAXIMUM_VOLTAGE": 200,
    "NO_BREAKDOWN_VOLTAGE_OBSERVED": true
}