{
    "properties": {
        "ANALYSIS_VERSION": "450ffd4c",
        "HUM": 0,
        "TEMP": 20
    },
    "BREAKDOWN_VOLTAGE": -999,
    "IV_ARRAY": {
        "time": [
            0,
            2,
            4,
            6,
            8,
            10,
            12,
            14,
            16,
            18,
            20,
            22,
            24,
            26,
            28,
            30,
            32,
            34,
            36,
            38,
            40,
            42,
            44,
            46,
            48,
            50,
            52,
            54,
            56,
            58,
            60,
            62,
            64,
            66,
            68,
            70,
            72,
            74,
            76,
            78,
            80
        ],
        "voltage": [
            0,
            5,
            10,
            15,
            20,
            25,
            30,
            35,
            40,
            45,
            50,
            55,
            60,
            65,
            70,
            75,
            80,
            85,
            90,
            95,
            100,
            105,
            110,
            115,
            120,
            125,
            130,
            135,
            140,
            145,
            150,
            155,
            160,
            165,
            170,
            175,
            180,
            185,
            190,
            195,
            200
        ],
        "current": [
            1.0000000000000001e-07,
            0.08876999999999999,
            0.07781,
            0.08151000000000001,
            0.08392,
            0.08623,
            0.08786,
            0.08937,
            0.0908,
            0.092,
            0.0927,
            0.09346,
            0.09419,
            0.09491,
            0.09564,
            0.09630999999999999,
            0.09697,
            0.09763,
            0.09831,
            0.099,
            0.09952,
            0.10069,
            0.10123,
            0.10185,
            0.10255,
            0.10328999999999999,
            0.10406,
            0.10486,
            0.10569,
            0.10654999999999999,
            0.10746,
            0.10842,
            0.10942,
            0.11048,
            0.11159999999999999,
            0.11277,
            0.11401,
            0.1153,
            0.11666,
            0.11807999999999999,
            0.11957000000000001
        ],
        "sigma current": [],
        "temperature": [],
        "humidity": []
    },
    "IV_IMG": [],
    "LEAK_CURRENT": 0.10185,
    "MAXIMUM_VOLTAGE": 200,
    "NO_BREAKDOWN_VOLTAGE_OBSERVED": true
}