{
    "properties": {
        "ANALYSIS_VERSION": "450ffd4c",
        "HUM": 0,
        "TEMP": 20
    },
    "BREAKDOWN_VOLTAGE": -999,
    "IV_ARRAY": {
        "time": [
            0,
            2,
            4,
            6,
            8,
            10,
            12,
            14,
            16,
            18,
            20,
            22,
            24,
            26,
            28,
            30,
            32,
            34,
            36,
            38,
            40,
            42,
            44,
            46,
            48,
            50,
            52,
            54,
            56,
            58,
            60,
            62,
            64,
            66,
            68,
            70,
            72,
            74,
            76,
            78,
            80
        ],
        "voltage": [
            0,
            5,
            10,
            15,
            20,
            25,
            30,
            35,
            40,
            45,
            50,
            55,
            60,
            65,
            70,
            75,
            80,
            85,
            90,
            95,
            100,
            105,
            110,
            115,
            120,
            125,
            130,
            135,
            140,
            145,
            150,
            155,
            160,
            165,
            170,
            175,
            180,
            185,
            190,
            195,
            200
        ],
        "current": [
            3e-07,
            0.09367,
            0.08017999999999999,
            0.083,
            0.08478999999999999,
            0.0862,
            0.08743999999999999,
            0.08861,
            0.08969,
            0.09051,
            0.09119999999999999,
            0.09175,
            0.09218,
            0.09255000000000001,
            0.09298000000000001,
            0.09351,
            0.09405,
            0.09462999999999999,
            0.09523999999999999,
            0.09584000000000001,
            0.09645,
            0.09831999999999999,
            0.09853999999999999,
            0.09895999999999999,
            0.09956,
            0.10023,
            0.10096,
            0.10174,
            0.10256,
            0.10344,
            0.10436000000000001,
            0.10535,
            0.10639,
            0.1075,
            0.10867,
            0.1099,
            0.11120000000000001,
            0.11256999999999999,
            0.114,
            0.11549999999999999,
            0.11707000000000001
        ],
        "sigma current": [],
        "temperature": [],
        "humidity": []
    },
    "IV_IMG": [],
    "LEAK_CURRENT": 0.09895999999999999,
    "MAXIMUM_VOLTAGE": 200,
    "NO_BREAKDOWN_VOLTAGE_OBSERVED": true
}