{
    "properties": {
        "ANALYSIS_VERSION": "450ffd4c",
        "HUM": 0,
        "TEMP": 20
    },
    "BREAKDOWN_VOLTAGE": -999,
    "IV_ARRAY": {
        "time": [
            0,
            2,
            4,
            6,
            8,
            10,
            12,
            14,
            16,
            18,
            20,
            22,
            24,
            26,
            28,
            30,
            32,
            34,
            36,
            38,
            40,
            42,
            44,
            46,
            48,
            50,
            52,
            54,
            56,
            58,
            60,
            62,
            64,
            66,
            68,
            70,
            72,
            74,
            76,
            78,
            80
        ],
        "voltage": [
            0,
            5,
            10,
            15,
            20,
            25,
            30,
            35,
            40,
            45,
            50,
            55,
            60,
            65,
            70,
            75,
            80,
            85,
            90,
            95,
            100,
            105,
            110,
            115,
            120,
            125,
            130,
            135,
            140,
            145,
            150,
            155,
            160,
            165,
            170,
            175,
            180,
            185,
            190,
            195,
            200
        ],
        "current": [
            3e-07,
            0.07715999999999999,
            0.06862,
            0.07248,
            0.07525,
            0.07761,
            0.07966,
            0.08149999999999999,
            0.08319,
            0.08471,
            0.08608,
            0.08728999999999999,
            0.08839999999999999,
            0.08943,
            0.09040000000000001,
            0.09138,
            0.09235,
            0.09332,
            0.09431,
            0.09532,
            0.09633,
            0.0976,
            0.09852999999999999,
            0.09949,
            0.10046000000000001,
            0.10144,
            0.10243,
            0.10344,
            0.10448,
            0.10555,
            0.10666,
            0.10781,
            0.109,
            0.11024,
            0.11154,
            0.11289,
            0.1143,
            0.11577,
            0.11731,
            0.11891,
            0.12057
        ],
        "sigma current": [],
        "temperature": [],
        "humidity": []
    },
    "IV_IMG": [],
    "LEAK_CURRENT": 0.09949,
    "MAXIMUM_VOLTAGE": 200,
    "NO_BREAKDOWN_VOLTAGE_OBSERVED": true
}