{
    "properties": {
        "ANALYSIS_VERSION": "450ffd4c",
        "HUM": 0,
        "TEMP": 20
    },
    "BREAKDOWN_VOLTAGE": -999,
    "IV_ARRAY": {
        "time": [
            0,
            2,
            4,
            6,
            8,
            10,
            12,
            14,
            16,
            18,
            20,
            22,
            24,
            26,
            28,
            30,
            32,
            34,
            36,
            38,
            40,
            42,
            44,
            46,
            48,
            50,
            52,
            54,
            56,
            58,
            60,
            62,
            64,
            66,
            68,
            70,
            72,
            74,
            76,
            78,
            80
        ],
        "voltage": [
            0,
            5,
            10,
            15,
            20,
            25,
            30,
            35,
            40,
            45,
            50,
            55,
            60,
            65,
            70,
            75,
            80,
            85,
            90,
            95,
            100,
            105,
            110,
            115,
            120,
            125,
            130,
            135,
            140,
            145,
            150,
            155,
            160,
            165,
            170,
            175,
            180,
            185,
            190,
            195,
            200
        ],
        "current": [
            5e-07,
            0.08237,
            0.07295,
            0.07694,
            0.07968,
            0.08189,
            0.08378,
            0.08544,
            0.08695,
            0.08836000000000001,
            0.08962,
            0.09061,
            0.09147999999999999,
            0.09228,
            0.0931,
            0.09392,
            0.09469999999999999,
            0.09545999999999999,
            0.09623,
            0.09699999999999999,
            0.09777,
            0.09935,
            0.10006999999999999,
            0.10079,
            0.10153999999999999,
            0.10234,
            0.10321,
            0.1041,
            0.10504000000000001,
            0.10604,
            0.1071,
            0.10823999999999999,
            0.10944000000000001,
            0.11071,
            0.11207,
            0.11349000000000001,
            0.11499999999999999,
            0.11658,
            0.11825000000000001,
            0.12,
            0.12181999999999998
        ],
        "sigma current": [],
        "temperature": [],
        "humidity": []
    },
    "IV_IMG": [],
    "LEAK_CURRENT": 0.10079,
    "MAXIMUM_VOLTAGE": 200,
    "NO_BREAKDOWN_VOLTAGE_OBSERVED": true
}