{
    "properties": {
        "ANALYSIS_VERSION": "450ffd4c",
        "HUM": 0,
        "TEMP": 20
    },
    "BREAKDOWN_VOLTAGE": -999,
    "IV_ARRAY": {
        "time": [
            0,
            2,
            4,
            6,
            8,
            10,
            12,
            14,
            16,
            18,
            20,
            22,
            24,
            26,
            28,
            30,
            32,
            34,
            36,
            38,
            40,
            42,
            44,
            46,
            48,
            50,
            52,
            54,
            56,
            58,
            60,
            62,
            64,
            66,
            68,
            70,
            72,
            74,
            76,
            78,
            80
        ],
        "voltage": [
            0,
            5,
            10,
            15,
            20,
            25,
            30,
            35,
            40,
            45,
            50,
            55,
            60,
            65,
            70,
            75,
            80,
            85,
            90,
            95,
            100,
            105,
            110,
            115,
            120,
            125,
            130,
            135,
            140,
            145,
            150,
            155,
            160,
            165,
            170,
            175,
            180,
            185,
            190,
            195,
            200
        ],
        "current": [
            2.7e-06,
            0.09584000000000001,
            0.083,
            0.08715999999999999,
            0.08965,
            0.09150000000000001,
            0.09299,
            0.09424,
            0.09533,
            0.09632,
            0.09720999999999999,
            0.09794,
            0.09855000000000001,
            0.09911,
            0.0997,
            0.1003,
            0.10093,
            0.10159,
            0.10228,
            0.10298,
            0.10371,
            0.10606,
            0.10643,
            0.10697,
            0.10762,
            0.10832,
            0.10908,
            0.10986,
            0.1107,
            0.11157,
            0.11249999999999999,
            0.1135,
            0.11455,
            0.11569,
            0.11687,
            0.11811,
            0.11941,
            0.12076999999999999,
            0.12218,
            0.12365,
            0.12519
        ],
        "sigma current": [],
        "temperature": [],
        "humidity": []
    },
    "IV_IMG": [],
    "LEAK_CURRENT": 0.10697,
    "MAXIMUM_VOLTAGE": 200,
    "NO_BREAKDOWN_VOLTAGE_OBSERVED": true
}