{
    "properties": {
        "ANALYSIS_VERSION": "450ffd4c",
        "HUM": 0,
        "TEMP": 20
    },
    "BREAKDOWN_VOLTAGE": -999,
    "IV_ARRAY": {
        "time": [
            0,
            2,
            4,
            6,
            8,
            10,
            12,
            14,
            16,
            18,
            20,
            22,
            24,
            26,
            28,
            30,
            32,
            34,
            36,
            38,
            40,
            42,
            44,
            46,
            48,
            50,
            52,
            54,
            56,
            58,
            60,
            62,
            64,
            66,
            68,
            70,
            72,
            74,
            76,
            78,
            80
        ],
        "voltage": [
            0,
            5,
            10,
            15,
            20,
            25,
            30,
            35,
            40,
            45,
            50,
            55,
            60,
            65,
            70,
            75,
            80,
            85,
            90,
            95,
            100,
            105,
            110,
            115,
            120,
            125,
            130,
            135,
            140,
            145,
            150,
            155,
            160,
            165,
            170,
            175,
            180,
            185,
            190,
            195,
            200
        ],
        "current": [
            8.000000000000001e-07,
            0.09941,
            0.0853,
            0.08853,
            0.09034,
            0.09168,
            0.09277,
            0.09374,
            0.09459000000000001,
            0.0953,
            0.096,
            0.09658,
            0.09703,
            0.09743,
            0.09783,
            0.09829,
            0.09881999999999999,
            0.09938,
            0.09995000000000001,
            0.10055,
            0.10118999999999999,
            0.10434,
            0.10409,
            0.10441,
            0.10495,
            0.10556,
            0.10624,
            0.10697,
            0.10775,
            0.1086,
            0.1095,
            0.11045,
            0.11147,
            0.11256,
            0.11371,
            0.11492,
            0.1162,
            0.11754,
            0.11896,
            0.12044,
            0.12207000000000001
        ],
        "sigma current": [],
        "temperature": [],
        "humidity": []
    },
    "IV_IMG": [],
    "LEAK_CURRENT": 0.10441,
    "MAXIMUM_VOLTAGE": 200,
    "NO_BREAKDOWN_VOLTAGE_OBSERVED": true
}