{
    "properties": {
        "ANALYSIS_VERSION": "450ffd4c",
        "HUM": 0,
        "TEMP": 20
    },
    "BREAKDOWN_VOLTAGE": -999,
    "IV_ARRAY": {
        "time": [
            0,
            2,
            4,
            6,
            8,
            10,
            12,
            14,
            16,
            18,
            20,
            22,
            24,
            26,
            28,
            30,
            32,
            34,
            36,
            38,
            40,
            42,
            44,
            46,
            48,
            50,
            52,
            54,
            56,
            58,
            60,
            62,
            64,
            66,
            68,
            70,
            72,
            74,
            76,
            78,
            80
        ],
        "voltage": [
            0,
            5,
            10,
            15,
            20,
            25,
            30,
            35,
            40,
            45,
            50,
            55,
            60,
            65,
            70,
            75,
            80,
            85,
            90,
            95,
            100,
            105,
            110,
            115,
            120,
            125,
            130,
            135,
            140,
            145,
            150,
            155,
            160,
            165,
            170,
            175,
            180,
            185,
            190,
            195,
            200
        ],
        "current": [
            3e-07,
            0.08064,
            0.07141,
            0.07537,
            0.0781,
            0.08035,
            0.08232,
            0.08409,
            0.08577000000000001,
            0.0874,
            0.08895,
            0.09038,
            0.09141999999999999,
            0.09168,
            0.09235,
            0.09321,
            0.09407,
            0.09497,
            0.09588999999999999,
            0.09681000000000001,
            0.09772,
            0.09902,
            0.09988000000000001,
            0.10078000000000001,
            0.1017,
            0.10264,
            0.10359,
            0.10457,
            0.10557,
            0.1066,
            0.10769,
            0.10879,
            0.10996,
            0.11116999999999999,
            0.11241,
            0.11371,
            0.11505,
            0.11645,
            0.1179,
            0.11945,
            0.12102
        ],
        "sigma current": [],
        "temperature": [],
        "humidity": []
    },
    "IV_IMG": [],
    "LEAK_CURRENT": 0.10078000000000001,
    "MAXIMUM_VOLTAGE": 200,
    "NO_BREAKDOWN_VOLTAGE_OBSERVED": true
}