{
    "properties": {
        "ANALYSIS_VERSION": "450ffd4c",
        "HUM": 0,
        "TEMP": 20
    },
    "BREAKDOWN_VOLTAGE": -999,
    "IV_ARRAY": {
        "time": [
            0,
            2,
            4,
            6,
            8,
            10,
            12,
            14,
            16,
            18,
            20,
            22,
            24,
            26,
            28,
            30,
            32,
            34,
            36,
            38,
            40,
            42,
            44,
            46,
            48,
            50,
            52,
            54,
            56,
            58,
            60,
            62,
            64,
            66,
            68,
            70,
            72,
            74,
            76,
            78,
            80
        ],
        "voltage": [
            0,
            5,
            10,
            15,
            20,
            25,
            30,
            35,
            40,
            45,
            50,
            55,
            60,
            65,
            70,
            75,
            80,
            85,
            90,
            95,
            100,
            105,
            110,
            115,
            120,
            125,
            130,
            135,
            140,
            145,
            150,
            155,
            160,
            165,
            170,
            175,
            180,
            185,
            190,
            195,
            200
        ],
        "current": [
            2.0000000000000002e-07,
            0.08623,
            0.07537,
            0.07914,
            0.08177999999999999,
            0.08395,
            0.08579,
            0.08739000000000001,
            0.0888,
            0.09000999999999999,
            0.09102,
            0.09189,
            0.09265999999999999,
            0.09338,
            0.09409000000000001,
            0.09477,
            0.09544,
            0.09613000000000001,
            0.09683,
            0.09754,
            0.09827000000000001,
            0.09967000000000001,
            0.10028999999999999,
            0.10096,
            0.10169,
            0.10245,
            0.10324,
            0.10406,
            0.10491,
            0.10581,
            0.10675,
            0.10774,
            0.10878,
            0.10988,
            0.11102999999999999,
            0.11225,
            0.11352999999999999,
            0.11487,
            0.11627,
            0.11775000000000001,
            0.11928
        ],
        "sigma current": [],
        "temperature": [],
        "humidity": []
    },
    "IV_IMG": [],
    "LEAK_CURRENT": 0.10096,
    "MAXIMUM_VOLTAGE": 200,
    "NO_BREAKDOWN_VOLTAGE_OBSERVED": true
}