{
    "properties": {
        "ANALYSIS_VERSION": "450ffd4c",
        "HUM": 0,
        "TEMP": 20
    },
    "BREAKDOWN_VOLTAGE": -999,
    "IV_ARRAY": {
        "time": [
            0,
            2,
            4,
            6,
            8,
            10,
            12,
            14,
            16,
            18,
            20,
            22,
            24,
            26,
            28,
            30,
            32,
            34,
            36,
            38,
            40,
            42,
            44,
            46,
            48,
            50,
            52,
            54,
            56,
            58,
            60,
            62,
            64,
            66,
            68,
            70,
            72,
            74,
            76,
            78,
            80
        ],
        "voltage": [
            0,
            5,
            10,
            15,
            20,
            25,
            30,
            35,
            40,
            45,
            50,
            55,
            60,
            65,
            70,
            75,
            80,
            85,
            90,
            95,
            100,
            105,
            110,
            115,
            120,
            125,
            130,
            135,
            140,
            145,
            150,
            155,
            160,
            165,
            170,
            175,
            180,
            185,
            190,
            195,
            200
        ],
        "current": [
            1.0199999999999999e-05,
            0.10092000000000001,
            0.08704,
            0.09158000000000001,
            0.09445,
            0.09665,
            0.09845,
            0.10006999999999999,
            0.10158,
            0.10293999999999999,
            0.10365,
            0.10421000000000001,
            0.10463,
            0.10521,
            0.10583000000000001,
            0.10652,
            0.10728,
            0.10804000000000001,
            0.10882,
            0.10962,
            0.11043,
            0.11293,
            0.11342,
            0.11402,
            0.11472,
            0.11549,
            0.1163,
            0.11714000000000001,
            0.11805,
            0.11896999999999999,
            0.11997999999999999,
            0.12102,
            0.12219000000000001,
            0.12333999999999999,
            0.12458,
            0.12587,
            0.12721000000000002,
            0.12861999999999998,
            0.13008999999999998,
            0.13162000000000001,
            0.13322
        ],
        "sigma current": [],
        "temperature": [],
        "humidity": []
    },
    "IV_IMG": [],
    "LEAK_CURRENT": 0.11402,
    "MAXIMUM_VOLTAGE": 200,
    "NO_BREAKDOWN_VOLTAGE_OBSERVED": true
}