{
    "properties": {
        "ANALYSIS_VERSION": "450ffd4c",
        "HUM": 0,
        "TEMP": 20
    },
    "BREAKDOWN_VOLTAGE": -999,
    "IV_ARRAY": {
        "time": [
            0,
            2,
            4,
            6,
            8,
            10,
            12,
            14,
            16,
            18,
            20,
            22,
            24,
            26,
            28,
            30,
            32,
            34,
            36,
            38,
            40,
            42,
            44,
            46,
            48,
            50,
            52,
            54,
            56,
            58,
            60,
            62,
            64,
            66,
            68,
            70,
            72,
            74,
            76,
            78,
            80
        ],
        "voltage": [
            0,
            5,
            10,
            15,
            20,
            25,
            30,
            35,
            40,
            45,
            50,
            55,
            60,
            65,
            70,
            75,
            80,
            85,
            90,
            95,
            100,
            105,
            110,
            115,
            120,
            125,
            130,
            135,
            140,
            145,
            150,
            155,
            160,
            165,
            170,
            175,
            180,
            185,
            190,
            195,
            200
        ],
        "current": [
            5.299999999999999e-06,
            0.09228,
            0.08016999999999999,
            0.08424000000000001,
            0.08683,
            0.08885,
            0.09055,
            0.09206,
            0.09345,
            0.09478,
            0.09594,
            0.09658,
            0.09677999999999999,
            0.09720999999999999,
            0.0978,
            0.09841000000000001,
            0.09901,
            0.09963,
            0.10025,
            0.1009,
            0.10157000000000001,
            0.10400000000000001,
            0.10437,
            0.10482,
            0.10538,
            0.10599,
            0.10665000000000001,
            0.10737000000000001,
            0.10814,
            0.10898,
            0.10987000000000001,
            0.11082,
            0.11183,
            0.11291,
            0.11403999999999999,
            0.11524000000000001,
            0.11651,
            0.11784,
            0.11922999999999999,
            0.12069999999999999,
            0.12222
        ],
        "sigma current": [],
        "temperature": [],
        "humidity": []
    },
    "IV_IMG": [],
    "LEAK_CURRENT": 0.10482,
    "MAXIMUM_VOLTAGE": 200,
    "NO_BREAKDOWN_VOLTAGE_OBSERVED": true
}