{
    "properties": {
        "ANALYSIS_VERSION": "450ffd4c",
        "HUM": 0,
        "TEMP": 20
    },
    "BREAKDOWN_VOLTAGE": -999,
    "IV_ARRAY": {
        "time": [
            0,
            2,
            4,
            6,
            8,
            10,
            12,
            14,
            16,
            18,
            20,
            22,
            24,
            26,
            28,
            30,
            32,
            34,
            36,
            38,
            40,
            42,
            44,
            46,
            48,
            50,
            52,
            54,
            56,
            58,
            60,
            62,
            64,
            66,
            68,
            70,
            72,
            74,
            76,
            78,
            80
        ],
        "voltage": [
            0,
            5,
            10,
            15,
            20,
            25,
            30,
            35,
            40,
            45,
            50,
            55,
            60,
            65,
            70,
            75,
            80,
            85,
            90,
            95,
            100,
            105,
            110,
            115,
            120,
            125,
            130,
            135,
            140,
            145,
            150,
            155,
            160,
            165,
            170,
            175,
            180,
            185,
            190,
            195,
            200
        ],
        "current": [
            5.4e-06,
            0.0911,
            0.07952,
            0.08356,
            0.08634,
            0.08893000000000001,
            0.09190999999999999,
            0.09391,
            0.09496,
            0.09496,
            0.09481,
            0.09534000000000001,
            0.0958,
            0.09634,
            0.09687000000000001,
            0.09745000000000001,
            0.09808,
            0.09867,
            0.09927,
            0.09991,
            0.10058,
            0.10282000000000001,
            0.1032,
            0.10367,
            0.10422000000000001,
            0.10485,
            0.10551999999999999,
            0.10624,
            0.10702,
            0.10784,
            0.10872,
            0.10966000000000001,
            0.11064,
            0.11169,
            0.1128,
            0.11396999999999999,
            0.11519,
            0.11648,
            0.11785,
            0.11925000000000001,
            0.12075
        ],
        "sigma current": [],
        "temperature": [],
        "humidity": []
    },
    "IV_IMG": [],
    "LEAK_CURRENT": 0.10367,
    "MAXIMUM_VOLTAGE": 200,
    "NO_BREAKDOWN_VOLTAGE_OBSERVED": true
}