{
    "properties": {
        "ANALYSIS_VERSION": "450ffd4c",
        "HUM": 0,
        "TEMP": 20
    },
    "BREAKDOWN_VOLTAGE": -999,
    "IV_ARRAY": {
        "time": [
            0,
            2,
            4,
            6,
            8,
            10,
            12,
            14,
            16,
            18,
            20,
            22,
            24,
            26,
            28,
            30,
            32,
            34,
            36,
            38,
            40,
            42,
            44,
            46,
            48,
            50,
            52,
            54,
            56,
            58,
            60,
            62,
            64,
            66,
            68,
            70,
            72,
            74,
            76,
            78,
            80
        ],
        "voltage": [
            0,
            5,
            10,
            15,
            20,
            25,
            30,
            35,
            40,
            45,
            50,
            55,
            60,
            65,
            70,
            75,
            80,
            85,
            90,
            95,
            100,
            105,
            110,
            115,
            120,
            125,
            130,
            135,
            140,
            145,
            150,
            155,
            160,
            165,
            170,
            175,
            180,
            185,
            190,
            195,
            200
        ],
        "current": [
            7.000000000000001e-07,
            0.08985,
            0.07794,
            0.08123,
            0.08366,
            0.08558,
            0.08721,
            0.08865,
            0.08997000000000001,
            0.09116,
            0.09213,
            0.09294999999999999,
            0.0937,
            0.09448,
            0.09537999999999999,
            0.0964,
            0.09749,
            0.09856000000000001,
            0.09962,
            0.10066,
            0.1017,
            0.1034,
            0.10424,
            0.10514,
            0.10611,
            0.10709,
            0.1081,
            0.10915,
            0.11022,
            0.11133,
            0.11248,
            0.11367,
            0.11491,
            0.11621000000000001,
            0.11755,
            0.11896,
            0.12041999999999999,
            0.12195,
            0.12353,
            0.125,
            0.12686
        ],
        "sigma current": [],
        "temperature": [],
        "humidity": []
    },
    "IV_IMG": [],
    "LEAK_CURRENT": 0.10514,
    "MAXIMUM_VOLTAGE": 200,
    "NO_BREAKDOWN_VOLTAGE_OBSERVED": true
}