{
    "properties": {
        "ANALYSIS_VERSION": "450ffd4c",
        "HUM": 0,
        "TEMP": 20
    },
    "BREAKDOWN_VOLTAGE": -999,
    "IV_ARRAY": {
        "time": [
            0,
            2,
            4,
            6,
            8,
            10,
            12,
            14,
            16,
            18,
            20,
            22,
            24,
            26,
            28,
            30,
            32,
            34,
            36,
            38,
            40,
            42,
            44,
            46,
            48,
            50,
            52,
            54,
            56,
            58,
            60,
            62,
            64,
            66,
            68,
            70,
            72,
            74,
            76,
            78,
            80
        ],
        "voltage": [
            0,
            5,
            10,
            15,
            20,
            25,
            30,
            35,
            40,
            45,
            50,
            55,
            60,
            65,
            70,
            75,
            80,
            85,
            90,
            95,
            100,
            105,
            110,
            115,
            120,
            125,
            130,
            135,
            140,
            145,
            150,
            155,
            160,
            165,
            170,
            175,
            180,
            185,
            190,
            195,
            200
        ],
        "current": [
            2.0000000000000002e-07,
            0.09445,
            0.08256000000000001,
            0.08682000000000001,
            0.08957999999999999,
            0.09168,
            0.09342,
            0.09499,
            0.09653,
            0.09801,
            0.09911,
            0.09925,
            0.09984,
            0.10035,
            0.10081,
            0.10138,
            0.10206,
            0.10275000000000001,
            0.10342,
            0.10403,
            0.10467,
            0.10632,
            0.10682,
            0.10737000000000001,
            0.10797,
            0.10862000000000001,
            0.10933,
            0.11007,
            0.11085,
            0.11168,
            0.11255,
            0.11348,
            0.11445999999999999,
            0.11549,
            0.11658,
            0.11774,
            0.11896,
            0.12024,
            0.12158999999999999,
            0.123,
            0.12448
        ],
        "sigma current": [],
        "temperature": [],
        "humidity": []
    },
    "IV_IMG": [],
    "LEAK_CURRENT": 0.10737000000000001,
    "MAXIMUM_VOLTAGE": 200,
    "NO_BREAKDOWN_VOLTAGE_OBSERVED": true
}