{
    "properties": {
        "ANALYSIS_VERSION": "450ffd4c",
        "HUM": 0,
        "TEMP": 20
    },
    "BREAKDOWN_VOLTAGE": -999,
    "IV_ARRAY": {
        "time": [
            0,
            2,
            4,
            6,
            8,
            10,
            12,
            14,
            16,
            18,
            20,
            22,
            24,
            26,
            28,
            30,
            32,
            34,
            36,
            38,
            40,
            42,
            44,
            46,
            48,
            50,
            52,
            54,
            56,
            58,
            60,
            62,
            64,
            66,
            68,
            70,
            72,
            74,
            76,
            78,
            80
        ],
        "voltage": [
            0,
            5,
            10,
            15,
            20,
            25,
            30,
            35,
            40,
            45,
            50,
            55,
            60,
            65,
            70,
            75,
            80,
            85,
            90,
            95,
            100,
            105,
            110,
            115,
            120,
            125,
            130,
            135,
            140,
            145,
            150,
            155,
            160,
            165,
            170,
            175,
            180,
            185,
            190,
            195,
            200
        ],
        "current": [
            1.0000000000000001e-07,
            0.0869,
            0.07701,
            0.08124,
            0.08501,
            0.08719,
            0.08900000000000001,
            0.09059,
            0.09216,
            0.09346,
            0.09464,
            0.09559999999999999,
            0.09645,
            0.09725,
            0.09809,
            0.09888,
            0.09969,
            0.10049,
            0.10129,
            0.10209,
            0.10192,
            0.10335,
            0.10402,
            0.10475,
            0.10555,
            0.10639,
            0.10725,
            0.10812000000000001,
            0.10904,
            0.11,
            0.11099,
            0.11202000000000001,
            0.11311,
            0.11424999999999999,
            0.11543999999999999,
            0.11668999999999999,
            0.11800999999999999,
            0.11939000000000001,
            0.12083,
            0.12233999999999999,
            0.12391
        ],
        "sigma current": [],
        "temperature": [],
        "humidity": []
    },
    "IV_IMG": [],
    "LEAK_CURRENT": 0.10475,
    "MAXIMUM_VOLTAGE": 200,
    "NO_BREAKDOWN_VOLTAGE_OBSERVED": true
}