{
    "properties": {
        "ANALYSIS_VERSION": "450ffd4c",
        "HUM": 0,
        "TEMP": 20
    },
    "BREAKDOWN_VOLTAGE": -999,
    "IV_ARRAY": {
        "time": [
            0,
            2,
            4,
            6,
            8,
            10,
            12,
            14,
            16,
            18,
            20,
            22,
            24,
            26,
            28,
            30,
            32,
            34,
            36,
            38,
            40,
            42,
            44,
            46,
            48,
            50,
            52,
            54,
            56,
            58,
            60,
            62,
            64,
            66,
            68,
            70,
            72,
            74,
            76,
            78,
            80
        ],
        "voltage": [
            0,
            5,
            10,
            15,
            20,
            25,
            30,
            35,
            40,
            45,
            50,
            55,
            60,
            65,
            70,
            75,
            80,
            85,
            90,
            95,
            100,
            105,
            110,
            115,
            120,
            125,
            130,
            135,
            140,
            145,
            150,
            155,
            160,
            165,
            170,
            175,
            180,
            185,
            190,
            195,
            200
        ],
        "current": [
            3e-07,
            0.07987999999999999,
            0.07104,
            0.07503,
            0.07779,
            0.08008,
            0.08209,
            0.08395,
            0.08570000000000001,
            0.08727,
            0.08888,
            0.09036,
            0.09155999999999999,
            0.09176,
            0.09235,
            0.09329,
            0.09418,
            0.09508,
            0.09598000000000001,
            0.09688000000000001,
            0.09778,
            0.09885000000000001,
            0.09966,
            0.10051,
            0.10139,
            0.10228,
            0.10319,
            0.10411999999999999,
            0.10506,
            0.10602,
            0.10704999999999999,
            0.10812000000000001,
            0.10924,
            0.1104,
            0.11161,
            0.11288000000000001,
            0.11420000000000001,
            0.11558,
            0.11701,
            0.11850999999999999,
            0.12007
        ],
        "sigma current": [],
        "temperature": [],
        "humidity": []
    },
    "IV_IMG": [],
    "LEAK_CURRENT": 0.10051,
    "MAXIMUM_VOLTAGE": 200,
    "NO_BREAKDOWN_VOLTAGE_OBSERVED": true
}