{
    "properties": {
        "ANALYSIS_VERSION": "450ffd4c",
        "HUM": 0,
        "TEMP": 20
    },
    "BREAKDOWN_VOLTAGE": -999,
    "IV_ARRAY": {
        "time": [
            0,
            2,
            4,
            6,
            8,
            10,
            12,
            14,
            16,
            18,
            20,
            22,
            24,
            26,
            28,
            30,
            32,
            34,
            36,
            38,
            40,
            42,
            44,
            46,
            48,
            50,
            52,
            54,
            56,
            58,
            60,
            62,
            64,
            66,
            68,
            70,
            72,
            74,
            76,
            78,
            80
        ],
        "voltage": [
            0,
            5,
            10,
            15,
            20,
            25,
            30,
            35,
            40,
            45,
            50,
            55,
            60,
            65,
            70,
            75,
            80,
            85,
            90,
            95,
            100,
            105,
            110,
            115,
            120,
            125,
            130,
            135,
            140,
            145,
            150,
            155,
            160,
            165,
            170,
            175,
            180,
            185,
            190,
            195,
            200
        ],
        "current": [
            1.0000000000000001e-07,
            0.09809999999999999,
            0.08433,
            0.08766,
            0.08972,
            0.09175,
            0.09313,
            0.0944,
            0.09565,
            0.09534000000000001,
            0.09681000000000001,
            0.09637,
            0.09815,
            0.09929,
            0.09943,
            0.10005,
            0.10061,
            0.10007999999999999,
            0.10179,
            0.10241,
            0.1027,
            0.10419999999999999,
            0.10463,
            0.10518000000000001,
            0.10584,
            0.10654999999999999,
            0.10731,
            0.10812000000000001,
            0.10898,
            0.10988,
            0.11084000000000001,
            0.11185,
            0.11293,
            0.11408,
            0.11528999999999999,
            0.11657000000000001,
            0.11792,
            0.11935,
            0.12085,
            0.12242,
            0.12405999999999999
        ],
        "sigma current": [],
        "temperature": [],
        "humidity": []
    },
    "IV_IMG": [],
    "LEAK_CURRENT": 0.10463,
    "MAXIMUM_VOLTAGE": 200,
    "NO_BREAKDOWN_VOLTAGE_OBSERVED": true
}