{
    "properties": {
        "ANALYSIS_VERSION": "450ffd4c",
        "HUM": 0,
        "TEMP": 20
    },
    "BREAKDOWN_VOLTAGE": -999,
    "IV_ARRAY": {
        "time": [
            0,
            2,
            4,
            6,
            8,
            10,
            12,
            14,
            16,
            18,
            20,
            22,
            24,
            26,
            28,
            30,
            32,
            34,
            36,
            38,
            40,
            42,
            44,
            46,
            48,
            50,
            52,
            54,
            56,
            58,
            60,
            62,
            64,
            66,
            68,
            70,
            72,
            74,
            76,
            78,
            80
        ],
        "voltage": [
            0,
            5,
            10,
            15,
            20,
            25,
            30,
            35,
            40,
            45,
            50,
            55,
            60,
            65,
            70,
            75,
            80,
            85,
            90,
            95,
            100,
            105,
            110,
            115,
            120,
            125,
            130,
            135,
            140,
            145,
            150,
            155,
            160,
            165,
            170,
            175,
            180,
            185,
            190,
            195,
            200
        ],
        "current": [
            6e-07,
            0.09639,
            0.08279,
            0.0861,
            0.08842,
            0.09073,
            0.09323,
            0.0944,
            0.09454,
            0.09496,
            0.09564,
            0.09616999999999999,
            0.09668,
            0.09713,
            0.09761,
            0.09813000000000001,
            0.09863000000000001,
            0.09917,
            0.09975,
            0.10033,
            0.10094,
            0.10345,
            0.10357,
            0.10397999999999999,
            0.10455,
            0.10519,
            0.10590000000000001,
            0.10668,
            0.10752,
            0.10843,
            0.10941,
            0.11046,
            0.11159,
            0.1128,
            0.11408,
            0.11543999999999999,
            0.11688,
            0.11839000000000001,
            0.11999,
            0.12167,
            0.12342
        ],
        "sigma current": [],
        "temperature": [],
        "humidity": []
    },
    "IV_IMG": [],
    "LEAK_CURRENT": 0.10397999999999999,
    "MAXIMUM_VOLTAGE": 200,
    "NO_BREAKDOWN_VOLTAGE_OBSERVED": true
}