{
    "properties": {
        "ANALYSIS_VERSION": "450ffd4c",
        "HUM": 0,
        "TEMP": 20
    },
    "BREAKDOWN_VOLTAGE": -999,
    "IV_ARRAY": {
        "time": [
            0,
            2,
            4,
            6,
            8,
            10,
            12,
            14,
            16,
            18,
            20,
            22,
            24,
            26,
            28,
            30,
            32,
            34,
            36,
            38,
            40,
            42,
            44,
            46,
            48,
            50,
            52,
            54,
            56,
            58,
            60,
            62,
            64,
            66,
            68,
            70,
            72,
            74,
            76,
            78,
            80
        ],
        "voltage": [
            0,
            5,
            10,
            15,
            20,
            25,
            30,
            35,
            40,
            45,
            50,
            55,
            60,
            65,
            70,
            75,
            80,
            85,
            90,
            95,
            100,
            105,
            110,
            115,
            120,
            125,
            130,
            135,
            140,
            145,
            150,
            155,
            160,
            165,
            170,
            175,
            180,
            185,
            190,
            195,
            200
        ],
        "current": [
            2.0000000000000002e-07,
            0.08501,
            0.07508,
            0.07897,
            0.0816,
            0.08372,
            0.08553999999999999,
            0.08719,
            0.08869999999999999,
            0.09011000000000001,
            0.09135,
            0.0922,
            0.09271,
            0.09341,
            0.09415000000000001,
            0.09495,
            0.09570000000000001,
            0.09643,
            0.09718,
            0.09795,
            0.09874,
            0.10023,
            0.1009,
            0.10162,
            0.1024,
            0.1032,
            0.10404,
            0.10491,
            0.10581,
            0.10676,
            0.10776,
            0.1088,
            0.1099,
            0.11105000000000001,
            0.11227,
            0.11355,
            0.11489,
            0.11629,
            0.11777,
            0.11929999999999999,
            0.12090999999999999
        ],
        "sigma current": [],
        "temperature": [],
        "humidity": []
    },
    "IV_IMG": [],
    "LEAK_CURRENT": 0.10162,
    "MAXIMUM_VOLTAGE": 200,
    "NO_BREAKDOWN_VOLTAGE_OBSERVED": true
}