{
    "properties": {
        "ANALYSIS_VERSION": "450ffd4c",
        "HUM": 0,
        "TEMP": 20
    },
    "BREAKDOWN_VOLTAGE": -999,
    "IV_ARRAY": {
        "time": [
            0,
            2,
            4,
            6,
            8,
            10,
            12,
            14,
            16,
            18,
            20,
            22,
            24,
            26,
            28,
            30,
            32,
            34,
            36,
            38,
            40,
            42,
            44,
            46,
            48,
            50,
            52,
            54,
            56,
            58,
            60,
            62,
            64,
            66,
            68,
            70,
            72,
            74,
            76,
            78,
            80
        ],
        "voltage": [
            0,
            5,
            10,
            15,
            20,
            25,
            30,
            35,
            40,
            45,
            50,
            55,
            60,
            65,
            70,
            75,
            80,
            85,
            90,
            95,
            100,
            105,
            110,
            115,
            120,
            125,
            130,
            135,
            140,
            145,
            150,
            155,
            160,
            165,
            170,
            175,
            180,
            185,
            190,
            195,
            200
        ],
        "current": [
            4.8e-06,
            0.08069,
            0.07155,
            0.07559,
            0.07855,
            0.08114,
            0.08358,
            0.08598,
            0.08835,
            0.09039,
            0.09203,
            0.09301,
            0.09342,
            0.09387000000000001,
            0.0946,
            0.09519,
            0.0959,
            0.09665,
            0.09737,
            0.09808,
            0.09883,
            0.09982,
            0.10069,
            0.10156,
            0.10241,
            0.10323,
            0.10408,
            0.10497000000000001,
            0.10589,
            0.10683999999999999,
            0.10784,
            0.1089,
            0.11001000000000001,
            0.11119000000000001,
            0.11242999999999999,
            0.11373,
            0.11510000000000001,
            0.11653999999999999,
            0.11804,
            0.11962,
            0.12125999999999999
        ],
        "sigma current": [],
        "temperature": [],
        "humidity": []
    },
    "IV_IMG": [],
    "LEAK_CURRENT": 0.10156,
    "MAXIMUM_VOLTAGE": 200,
    "NO_BREAKDOWN_VOLTAGE_OBSERVED": true
}