{
    "properties": {
        "ANALYSIS_VERSION": "450ffd4c",
        "HUM": 0,
        "TEMP": 20
    },
    "BREAKDOWN_VOLTAGE": -999,
    "IV_ARRAY": {
        "time": [
            0,
            2,
            4,
            6,
            8,
            10,
            12,
            14,
            16,
            18,
            20,
            22,
            24,
            26,
            28,
            30,
            32,
            34,
            36,
            38,
            40,
            42,
            44,
            46,
            48,
            50,
            52,
            54,
            56,
            58,
            60,
            62,
            64,
            66,
            68,
            70,
            72,
            74,
            76,
            78,
            80
        ],
        "voltage": [
            0,
            5,
            10,
            15,
            20,
            25,
            30,
            35,
            40,
            45,
            50,
            55,
            60,
            65,
            70,
            75,
            80,
            85,
            90,
            95,
            100,
            105,
            110,
            115,
            120,
            125,
            130,
            135,
            140,
            145,
            150,
            155,
            160,
            165,
            170,
            175,
            180,
            185,
            190,
            195,
            200
        ],
        "current": [
            2.0000000000000002e-07,
            0.08746000000000001,
            0.07485,
            0.07832,
            0.08069,
            0.08258,
            0.08421,
            0.08570000000000001,
            0.08713,
            0.08843000000000001,
            0.08953,
            0.09019,
            0.09069,
            0.09132,
            0.09196,
            0.09263,
            0.0933,
            0.09398,
            0.09465,
            0.09533,
            0.09602,
            0.09752,
            0.09809999999999999,
            0.0988,
            0.09959,
            0.10044,
            0.10135000000000001,
            0.10233,
            0.10337,
            0.10447,
            0.10564,
            0.10689,
            0.10821,
            0.10961,
            0.11109,
            0.11265,
            0.11429,
            0.11602,
            0.11782000000000001,
            0.11972,
            0.12170000000000002
        ],
        "sigma current": [],
        "temperature": [],
        "humidity": []
    },
    "IV_IMG": [],
    "LEAK_CURRENT": 0.0988,
    "MAXIMUM_VOLTAGE": 200,
    "NO_BREAKDOWN_VOLTAGE_OBSERVED": true
}