{
    "properties": {
        "ANALYSIS_VERSION": "450ffd4c",
        "HUM": 0,
        "TEMP": 20
    },
    "BREAKDOWN_VOLTAGE": -999,
    "IV_ARRAY": {
        "time": [
            0,
            2,
            4,
            6,
            8,
            10,
            12,
            14,
            16,
            18,
            20,
            22,
            24,
            26,
            28,
            30,
            32,
            34,
            36,
            38,
            40,
            42,
            44,
            46,
            48,
            50,
            52,
            54,
            56,
            58,
            60,
            62,
            64,
            66,
            68,
            70,
            72,
            74,
            76,
            78,
            80
        ],
        "voltage": [
            0,
            5,
            10,
            15,
            20,
            25,
            30,
            35,
            40,
            45,
            50,
            55,
            60,
            65,
            70,
            75,
            80,
            85,
            90,
            95,
            100,
            105,
            110,
            115,
            120,
            125,
            130,
            135,
            140,
            145,
            150,
            155,
            160,
            165,
            170,
            175,
            180,
            185,
            190,
            195,
            200
        ],
        "current": [
            3e-07,
            0.07818,
            0.06931,
            0.07313,
            0.0758,
            0.07802,
            0.07997,
            0.08175,
            0.08341,
            0.0849,
            0.08619,
            0.08733,
            0.08839999999999999,
            0.08939,
            0.09034,
            0.09128,
            0.09221,
            0.09315,
            0.09411,
            0.09508,
            0.09606,
            0.09731000000000001,
            0.09822,
            0.09916,
            0.10010000000000001,
            0.10105,
            0.10202,
            0.103,
            0.10400000000000001,
            0.10504000000000001,
            0.10611,
            0.10722000000000001,
            0.10837999999999999,
            0.10959,
            0.11085,
            0.11217,
            0.11354,
            0.11496,
            0.11646,
            0.11800999999999999,
            0.11962999999999999
        ],
        "sigma current": [],
        "temperature": [],
        "humidity": []
    },
    "IV_IMG": [],
    "LEAK_CURRENT": 0.09916,
    "MAXIMUM_VOLTAGE": 200,
    "NO_BREAKDOWN_VOLTAGE_OBSERVED": true
}