{
    "properties": {
        "ANALYSIS_VERSION": "450ffd4c",
        "HUM": 0,
        "TEMP": 20
    },
    "BREAKDOWN_VOLTAGE": -999,
    "IV_ARRAY": {
        "time": [
            0,
            2,
            4,
            6,
            8,
            10,
            12,
            14,
            16,
            18,
            20,
            22,
            24,
            26,
            28,
            30,
            32,
            34,
            36,
            38,
            40,
            42,
            44,
            46,
            48,
            50,
            52,
            54,
            56,
            58,
            60,
            62,
            64,
            66,
            68,
            70,
            72,
            74,
            76,
            78,
            80
        ],
        "voltage": [
            0,
            5,
            10,
            15,
            20,
            25,
            30,
            35,
            40,
            45,
            50,
            55,
            60,
            65,
            70,
            75,
            80,
            85,
            90,
            95,
            100,
            105,
            110,
            115,
            120,
            125,
            130,
            135,
            140,
            145,
            150,
            155,
            160,
            165,
            170,
            175,
            180,
            185,
            190,
            195,
            200
        ],
        "current": [
            3e-07,
            0.07672999999999999,
            0.06818,
            0.07197,
            0.07472999999999999,
            0.07705000000000001,
            0.0791,
            0.08097,
            0.08259999999999999,
            0.08408,
            0.08534,
            0.08646,
            0.08745,
            0.08836000000000001,
            0.08926,
            0.09015999999999999,
            0.09104999999999999,
            0.09194000000000001,
            0.09283000000000001,
            0.09371,
            0.09459000000000001,
            0.09581999999999999,
            0.09663,
            0.09747,
            0.09833,
            0.0992,
            0.10009,
            0.101,
            0.10195,
            0.10293,
            0.10394,
            0.105,
            0.1061,
            0.10726,
            0.10847000000000001,
            0.10973000000000001,
            0.11106,
            0.11244000000000001,
            0.11388999999999999,
            0.11539,
            0.11696999999999999
        ],
        "sigma current": [],
        "temperature": [],
        "humidity": []
    },
    "IV_IMG": [],
    "LEAK_CURRENT": 0.09747,
    "MAXIMUM_VOLTAGE": 200,
    "NO_BREAKDOWN_VOLTAGE_OBSERVED": true
}