{
    "properties": {
        "ANALYSIS_VERSION": "450ffd4c",
        "HUM": 0,
        "TEMP": 20
    },
    "BREAKDOWN_VOLTAGE": -999,
    "IV_ARRAY": {
        "time": [
            0,
            2,
            4,
            6,
            8,
            10,
            12,
            14,
            16,
            18,
            20,
            22,
            24,
            26,
            28,
            30,
            32,
            34,
            36,
            38,
            40,
            42,
            44,
            46,
            48,
            50,
            52,
            54,
            56,
            58,
            60,
            62,
            64,
            66,
            68,
            70,
            72,
            74,
            76,
            78,
            80
        ],
        "voltage": [
            0,
            5,
            10,
            15,
            20,
            25,
            30,
            35,
            40,
            45,
            50,
            55,
            60,
            65,
            70,
            75,
            80,
            85,
            90,
            95,
            100,
            105,
            110,
            115,
            120,
            125,
            130,
            135,
            140,
            145,
            150,
            155,
            160,
            165,
            170,
            175,
            180,
            185,
            190,
            195,
            200
        ],
        "current": [
            1.0000000000000001e-07,
            0.10417,
            0.08752,
            0.0906,
            0.09239,
            0.09380000000000001,
            0.09502,
            0.09606,
            0.09687000000000001,
            0.09771,
            0.09837,
            0.09885000000000001,
            0.09924,
            0.09961,
            0.10002000000000001,
            0.10045,
            0.1009,
            0.10136,
            0.10184,
            0.10235,
            0.10289000000000001,
            0.10582,
            0.1056,
            0.10588,
            0.10636,
            0.10690999999999999,
            0.10753,
            0.1082,
            0.10892,
            0.10969999999999999,
            0.11053,
            0.11144,
            0.11239,
            0.11342,
            0.11451,
            0.11567000000000001,
            0.11689,
            0.11819,
            0.11956,
            0.12099,
            0.1225
        ],
        "sigma current": [],
        "temperature": [],
        "humidity": []
    },
    "IV_IMG": [],
    "LEAK_CURRENT": 0.10588,
    "MAXIMUM_VOLTAGE": 200,
    "NO_BREAKDOWN_VOLTAGE_OBSERVED": true
}