{
    "properties": {
        "ANALYSIS_VERSION": "450ffd4c",
        "HUM": 0,
        "TEMP": 20
    },
    "BREAKDOWN_VOLTAGE": -999,
    "IV_ARRAY": {
        "time": [
            0,
            2,
            4,
            6,
            8,
            10,
            12,
            14,
            16,
            18,
            20,
            22,
            24,
            26,
            28,
            30,
            32,
            34,
            36,
            38,
            40,
            42,
            44,
            46,
            48,
            50,
            52,
            54,
            56,
            58,
            60,
            62,
            64,
            66,
            68,
            70,
            72,
            74,
            76,
            78,
            80
        ],
        "voltage": [
            0,
            5,
            10,
            15,
            20,
            25,
            30,
            35,
            40,
            45,
            50,
            55,
            60,
            65,
            70,
            75,
            80,
            85,
            90,
            95,
            100,
            105,
            110,
            115,
            120,
            125,
            130,
            135,
            140,
            145,
            150,
            155,
            160,
            165,
            170,
            175,
            180,
            185,
            190,
            195,
            200
        ],
        "current": [
            5e-07,
            0.0828,
            0.06977,
            0.07368999999999999,
            0.07654999999999999,
            0.07904,
            0.0813,
            0.08335000000000001,
            0.08523,
            0.08683,
            0.0882,
            0.08947000000000001,
            0.09059,
            0.09132,
            0.09219,
            0.09305000000000001,
            0.09388,
            0.09472,
            0.09552999999999999,
            0.09634,
            0.09715,
            0.09814,
            0.09897,
            0.09981000000000001,
            0.10064000000000001,
            0.10148,
            0.10232000000000001,
            0.10318000000000001,
            0.10406,
            0.10497000000000001,
            0.10593,
            0.10693000000000001,
            0.10798,
            0.10908,
            0.11024,
            0.11145999999999999,
            0.11275,
            0.11409,
            0.11549999999999999,
            0.11696999999999999,
            0.11850999999999999
        ],
        "sigma current": [],
        "temperature": [],
        "humidity": []
    },
    "IV_IMG": [],
    "LEAK_CURRENT": 0.09981000000000001,
    "MAXIMUM_VOLTAGE": 200,
    "NO_BREAKDOWN_VOLTAGE_OBSERVED": true
}