{
    "properties": {
        "ANALYSIS_VERSION": "450ffd4c",
        "HUM": 0,
        "TEMP": 20
    },
    "BREAKDOWN_VOLTAGE": -999,
    "IV_ARRAY": {
        "time": [
            0,
            2,
            4,
            6,
            8,
            10,
            12,
            14,
            16,
            18,
            20,
            22,
            24,
            26,
            28,
            30,
            32,
            34,
            36,
            38,
            40,
            42,
            44,
            46,
            48,
            50,
            52,
            54,
            56,
            58,
            60,
            62,
            64,
            66,
            68,
            70,
            72,
            74,
            76,
            78,
            80
        ],
        "voltage": [
            0,
            5,
            10,
            15,
            20,
            25,
            30,
            35,
            40,
            45,
            50,
            55,
            60,
            65,
            70,
            75,
            80,
            85,
            90,
            95,
            100,
            105,
            110,
            115,
            120,
            125,
            130,
            135,
            140,
            145,
            150,
            155,
            160,
            165,
            170,
            175,
            180,
            185,
            190,
            195,
            200
        ],
        "current": [
            1.7e-06,
            0.08643,
            0.07575,
            0.07949,
            0.08204,
            0.08452000000000001,
            0.08629,
            0.08788,
            0.08926,
            0.09038,
            0.09129000000000001,
            0.0922,
            0.09303,
            0.09375,
            0.09443,
            0.09513,
            0.09586,
            0.0966,
            0.09734999999999999,
            0.09809999999999999,
            0.09884,
            0.09983,
            0.1004,
            0.10105,
            0.10178,
            0.10254,
            0.10333,
            0.10416,
            0.10500999999999999,
            0.10591,
            0.10683999999999999,
            0.10783,
            0.10885,
            0.10994000000000001,
            0.11108,
            0.11227999999999999,
            0.11352999999999999,
            0.11485,
            0.11623,
            0.11767,
            0.11918
        ],
        "sigma current": [],
        "temperature": [],
        "humidity": []
    },
    "IV_IMG": [],
    "LEAK_CURRENT": 0.10105,
    "MAXIMUM_VOLTAGE": 200,
    "NO_BREAKDOWN_VOLTAGE_OBSERVED": true
}