{
    "properties": {
        "ANALYSIS_VERSION": "450ffd4c",
        "HUM": 0,
        "TEMP": 20
    },
    "BREAKDOWN_VOLTAGE": -999,
    "IV_ARRAY": {
        "time": [
            0,
            2,
            4,
            6,
            8,
            10,
            12,
            14,
            16,
            18,
            20,
            22,
            24,
            26,
            28,
            30,
            32,
            34,
            36,
            38,
            40,
            42,
            44,
            46,
            48,
            50,
            52,
            54,
            56,
            58,
            60,
            62,
            64,
            66,
            68,
            70,
            72,
            74,
            76,
            78,
            80
        ],
        "voltage": [
            0,
            5,
            10,
            15,
            20,
            25,
            30,
            35,
            40,
            45,
            50,
            55,
            60,
            65,
            70,
            75,
            80,
            85,
            90,
            95,
            100,
            105,
            110,
            115,
            120,
            125,
            130,
            135,
            140,
            145,
            150,
            155,
            160,
            165,
            170,
            175,
            180,
            185,
            190,
            195,
            200
        ],
        "current": [
            3e-07,
            0.08009,
            0.07062,
            0.07424,
            0.07674,
            0.07880000000000001,
            0.08059999999999999,
            0.08224,
            0.08377,
            0.08518,
            0.08633,
            0.08724000000000001,
            0.0877,
            0.08834,
            0.0891,
            0.08985,
            0.09058,
            0.0913,
            0.092,
            0.09271,
            0.09341,
            0.09464,
            0.0953,
            0.09602,
            0.09677999999999999,
            0.09758,
            0.09839999999999999,
            0.09927,
            0.10016,
            0.10110999999999999,
            0.10209,
            0.10313,
            0.10422000000000001,
            0.10535,
            0.10654999999999999,
            0.10781,
            0.10913,
            0.11051,
            0.11195000000000001,
            0.11345999999999999,
            0.11502
        ],
        "sigma current": [],
        "temperature": [],
        "humidity": []
    },
    "IV_IMG": [],
    "LEAK_CURRENT": 0.09602,
    "MAXIMUM_VOLTAGE": 200,
    "NO_BREAKDOWN_VOLTAGE_OBSERVED": true
}