{
    "properties": {
        "ANALYSIS_VERSION": "450ffd4c",
        "HUM": 0,
        "TEMP": 20
    },
    "BREAKDOWN_VOLTAGE": -999,
    "IV_ARRAY": {
        "time": [
            0,
            2,
            4,
            6,
            8,
            10,
            12,
            14,
            16,
            18,
            20,
            22,
            24,
            26,
            28,
            30,
            32,
            34,
            36,
            38,
            40,
            42,
            44,
            46,
            48,
            50,
            52,
            54,
            56,
            58,
            60,
            62,
            64,
            66,
            68,
            70,
            72,
            74,
            76,
            78,
            80
        ],
        "voltage": [
            0,
            5,
            10,
            15,
            20,
            25,
            30,
            35,
            40,
            45,
            50,
            55,
            60,
            65,
            70,
            75,
            80,
            85,
            90,
            95,
            100,
            105,
            110,
            115,
            120,
            125,
            130,
            135,
            140,
            145,
            150,
            155,
            160,
            165,
            170,
            175,
            180,
            185,
            190,
            195,
            200
        ],
        "current": [
            5.500000000000001e-06,
            0.08689000000000001,
            0.07726000000000001,
            0.08163999999999999,
            0.08463,
            0.08700999999999999,
            0.08902,
            0.09081,
            0.09244,
            0.09398999999999999,
            0.09545,
            0.09674,
            0.09777,
            0.09824,
            0.09895,
            0.09977,
            0.10058,
            0.10141,
            0.1022,
            0.10300999999999999,
            0.10382999999999999,
            0.10531,
            0.10606,
            0.10681,
            0.10759,
            0.10837,
            0.10921,
            0.11005,
            0.11095,
            0.11188000000000001,
            0.11284999999999999,
            0.11388,
            0.11497,
            0.11611,
            0.11729,
            0.11857,
            0.1199,
            0.12129,
            0.12274,
            0.12426,
            0.12585000000000002
        ],
        "sigma current": [],
        "temperature": [],
        "humidity": []
    },
    "IV_IMG": [],
    "LEAK_CURRENT": 0.10681,
    "MAXIMUM_VOLTAGE": 200,
    "NO_BREAKDOWN_VOLTAGE_OBSERVED": true
}