{
    "properties": {
        "ANALYSIS_VERSION": "450ffd4c",
        "HUM": 0,
        "TEMP": 20
    },
    "BREAKDOWN_VOLTAGE": -999,
    "IV_ARRAY": {
        "time": [
            0,
            2,
            4,
            6,
            8,
            10,
            12,
            14,
            16,
            18,
            20,
            22,
            24,
            26,
            28,
            30,
            32,
            34,
            36,
            38,
            40,
            42,
            44,
            46,
            48,
            50,
            52,
            54,
            56,
            58,
            60,
            62,
            64,
            66,
            68,
            70,
            72,
            74,
            76,
            78,
            80
        ],
        "voltage": [
            0,
            5,
            10,
            15,
            20,
            25,
            30,
            35,
            40,
            45,
            50,
            55,
            60,
            65,
            70,
            75,
            80,
            85,
            90,
            95,
            100,
            105,
            110,
            115,
            120,
            125,
            130,
            135,
            140,
            145,
            150,
            155,
            160,
            165,
            170,
            175,
            180,
            185,
            190,
            195,
            200
        ],
        "current": [
            5e-07,
            0.08847,
            0.0785,
            0.08288,
            0.08594,
            0.08842,
            0.09052,
            0.09236,
            0.09403,
            0.09555000000000001,
            0.09686,
            0.09801,
            0.09897,
            0.09976,
            0.10046000000000001,
            0.10117,
            0.10193,
            0.10269,
            0.10343,
            0.10416,
            0.10491,
            0.10645,
            0.10715000000000001,
            0.10783,
            0.10853,
            0.10925,
            0.11,
            0.11077000000000001,
            0.11157,
            0.11241,
            0.11331,
            0.11427,
            0.11528,
            0.11636,
            0.11749,
            0.11869,
            0.11995000000000001,
            0.12127,
            0.12265999999999999,
            0.12412000000000001,
            0.12564999999999998
        ],
        "sigma current": [],
        "temperature": [],
        "humidity": []
    },
    "IV_IMG": [],
    "LEAK_CURRENT": 0.10783,
    "MAXIMUM_VOLTAGE": 200,
    "NO_BREAKDOWN_VOLTAGE_OBSERVED": true
}