{
    "properties": {
        "ANALYSIS_VERSION": "450ffd4c",
        "HUM": 0,
        "TEMP": 20
    },
    "BREAKDOWN_VOLTAGE": -999,
    "IV_ARRAY": {
        "time": [
            0,
            2,
            4,
            6,
            8,
            10,
            12,
            14,
            16,
            18,
            20,
            22,
            24,
            26,
            28,
            30,
            32,
            34,
            36,
            38,
            40,
            42,
            44,
            46,
            48,
            50,
            52,
            54,
            56,
            58,
            60,
            62,
            64,
            66,
            68,
            70,
            72,
            74,
            76,
            78,
            80
        ],
        "voltage": [
            0,
            5,
            10,
            15,
            20,
            25,
            30,
            35,
            40,
            45,
            50,
            55,
            60,
            65,
            70,
            75,
            80,
            85,
            90,
            95,
            100,
            105,
            110,
            115,
            120,
            125,
            130,
            135,
            140,
            145,
            150,
            155,
            160,
            165,
            170,
            175,
            180,
            185,
            190,
            195,
            200
        ],
        "current": [
            5e-07,
            0.08023,
            0.07115,
            0.0751,
            0.07803,
            0.08082,
            0.08397,
            0.08736,
            0.08977,
            0.09169,
            0.09143000000000001,
            0.09148999999999999,
            0.09193,
            0.0923,
            0.09328,
            0.09506,
            0.09731000000000001,
            0.09945,
            0.10128000000000001,
            0.10284,
            0.10422000000000001,
            0.10584,
            0.10697,
            0.10808999999999999,
            0.10909,
            0.11016000000000001,
            0.11123,
            0.11233,
            0.11345,
            0.1146,
            0.11579,
            0.11701,
            0.11828999999999999,
            0.11960000000000001,
            0.12096,
            0.12237999999999999,
            0.12386,
            0.12541000000000002,
            0.12702000000000002,
            0.12868000000000002,
            0.13040000000000002
        ],
        "sigma current": [],
        "temperature": [],
        "humidity": []
    },
    "IV_IMG": [],
    "LEAK_CURRENT": 0.10808999999999999,
    "MAXIMUM_VOLTAGE": 200,
    "NO_BREAKDOWN_VOLTAGE_OBSERVED": true
}