{
    "properties": {
        "ANALYSIS_VERSION": "450ffd4c",
        "HUM": 0,
        "TEMP": 20
    },
    "BREAKDOWN_VOLTAGE": -999,
    "IV_ARRAY": {
        "time": [
            0,
            2,
            4,
            6,
            8,
            10,
            12,
            14,
            16,
            18,
            20,
            22,
            24,
            26,
            28,
            30,
            32,
            34,
            36,
            38,
            40,
            42,
            44,
            46,
            48,
            50,
            52,
            54,
            56,
            58,
            60,
            62,
            64,
            66,
            68,
            70,
            72,
            74,
            76,
            78,
            80
        ],
        "voltage": [
            0,
            5,
            10,
            15,
            20,
            25,
            30,
            35,
            40,
            45,
            50,
            55,
            60,
            65,
            70,
            75,
            80,
            85,
            90,
            95,
            100,
            105,
            110,
            115,
            120,
            125,
            130,
            135,
            140,
            145,
            150,
            155,
            160,
            165,
            170,
            175,
            180,
            185,
            190,
            195,
            200
        ],
        "current": [
            6.2e-06,
            0.09473000000000001,
            0.08127,
            0.08423,
            0.08603,
            0.08745,
            0.08867,
            0.08978,
            0.09981000000000001,
            0.09145,
            0.09214,
            0.09244,
            0.07938,
            0.0936,
            0.09401000000000001,
            0.09124,
            0.10657,
            0.09542,
            0.09605,
            0.09661,
            0.10451,
            0.099,
            0.09917,
            0.09955,
            0.10009,
            0.10061,
            0.10137,
            0.10208,
            0.10283,
            0.10363,
            0.10449,
            0.10539000000000001,
            0.10636,
            0.11272,
            0.10849,
            0.10962,
            0.11083,
            0.11212,
            0.11345999999999999,
            0.11489,
            0.11638
        ],
        "sigma current": [],
        "temperature": [],
        "humidity": []
    },
    "IV_IMG": [],
    "LEAK_CURRENT": 0.09955,
    "MAXIMUM_VOLTAGE": 200,
    "NO_BREAKDOWN_VOLTAGE_OBSERVED": true
}