{
    "properties": {
        "ANALYSIS_VERSION": "450ffd4c",
        "HUM": 0,
        "TEMP": 20
    },
    "BREAKDOWN_VOLTAGE": -999,
    "IV_ARRAY": {
        "time": [
            0,
            2,
            4,
            6,
            8,
            10,
            12,
            14,
            16,
            18,
            20,
            22,
            24,
            26,
            28,
            30,
            32,
            34,
            36,
            38,
            40,
            42,
            44,
            46,
            48,
            50,
            52,
            54,
            56,
            58,
            60,
            62,
            64,
            66,
            68,
            70,
            72,
            74,
            76,
            78,
            80
        ],
        "voltage": [
            0,
            5,
            10,
            15,
            20,
            25,
            30,
            35,
            40,
            45,
            50,
            55,
            60,
            65,
            70,
            75,
            80,
            85,
            90,
            95,
            100,
            105,
            110,
            115,
            120,
            125,
            130,
            135,
            140,
            145,
            150,
            155,
            160,
            165,
            170,
            175,
            180,
            185,
            190,
            195,
            200
        ],
        "current": [
            5.0999999999999995e-06,
            0.08312,
            0.07331,
            0.07714,
            0.07982,
            0.08206,
            0.08416,
            0.08632,
            0.08842,
            0.09018000000000001,
            0.09118,
            0.09148999999999999,
            0.09202,
            0.09253,
            0.09311,
            0.09363,
            0.09425,
            0.09493,
            0.09565,
            0.0965,
            0.09737,
            0.09873,
            0.09953000000000001,
            0.10034,
            0.10121000000000001,
            0.10211,
            0.10307,
            0.1041,
            0.10519,
            0.10635,
            0.10758,
            0.10888,
            0.11026,
            0.11172,
            0.11326,
            0.11489,
            0.1166,
            0.1184,
            0.12027999999999998,
            0.12225,
            0.12431
        ],
        "sigma current": [],
        "temperature": [],
        "humidity": []
    },
    "IV_IMG": [],
    "LEAK_CURRENT": 0.10034,
    "MAXIMUM_VOLTAGE": 200,
    "NO_BREAKDOWN_VOLTAGE_OBSERVED": true
}