{
    "properties": {
        "ANALYSIS_VERSION": "450ffd4c",
        "HUM": 0,
        "TEMP": 20
    },
    "BREAKDOWN_VOLTAGE": -999,
    "IV_ARRAY": {
        "time": [
            0,
            2,
            4,
            6,
            8,
            10,
            12,
            14,
            16,
            18,
            20,
            22,
            24,
            26,
            28,
            30,
            32,
            34,
            36,
            38,
            40,
            42,
            44,
            46,
            48,
            50,
            52,
            54,
            56,
            58,
            60,
            62,
            64,
            66,
            68,
            70,
            72,
            74,
            76,
            78,
            80
        ],
        "voltage": [
            0,
            5,
            10,
            15,
            20,
            25,
            30,
            35,
            40,
            45,
            50,
            55,
            60,
            65,
            70,
            75,
            80,
            85,
            90,
            95,
            100,
            105,
            110,
            115,
            120,
            125,
            130,
            135,
            140,
            145,
            150,
            155,
            160,
            165,
            170,
            175,
            180,
            185,
            190,
            195,
            200
        ],
        "current": [
            3e-07,
            0.07942,
            0.07086,
            0.07492,
            0.0777,
            0.07993,
            0.08182,
            0.08349000000000001,
            0.08501,
            0.08641,
            0.08774,
            0.08892,
            0.08993999999999999,
            0.09102,
            0.09196,
            0.09294999999999999,
            0.09392,
            0.09485,
            0.09577000000000001,
            0.09669,
            0.09761,
            0.09895999999999999,
            0.09981000000000001,
            0.10067,
            0.10155,
            0.10243999999999999,
            0.10336,
            0.1043,
            0.10527,
            0.10626,
            0.10729,
            0.10837,
            0.10948,
            0.11065,
            0.11187,
            0.11314,
            0.11445999999999999,
            0.11585,
            0.1173,
            0.11881,
            0.12038
        ],
        "sigma current": [],
        "temperature": [],
        "humidity": []
    },
    "IV_IMG": [],
    "LEAK_CURRENT": 0.10067,
    "MAXIMUM_VOLTAGE": 200,
    "NO_BREAKDOWN_VOLTAGE_OBSERVED": true
}