{
    "properties": {
        "ANALYSIS_VERSION": "450ffd4c",
        "HUM": 0,
        "TEMP": 20
    },
    "BREAKDOWN_VOLTAGE": -999,
    "IV_ARRAY": {
        "time": [
            0,
            2,
            4,
            6,
            8,
            10,
            12,
            14,
            16,
            18,
            20,
            22,
            24,
            26,
            28,
            30,
            32,
            34,
            36,
            38,
            40,
            42,
            44,
            46,
            48,
            50,
            52,
            54,
            56,
            58,
            60,
            62,
            64,
            66,
            68,
            70,
            72,
            74,
            76,
            78,
            80
        ],
        "voltage": [
            0,
            5,
            10,
            15,
            20,
            25,
            30,
            35,
            40,
            45,
            50,
            55,
            60,
            65,
            70,
            75,
            80,
            85,
            90,
            95,
            100,
            105,
            110,
            115,
            120,
            125,
            130,
            135,
            140,
            145,
            150,
            155,
            160,
            165,
            170,
            175,
            180,
            185,
            190,
            195,
            200
        ],
        "current": [
            1.0000000000000001e-07,
            0.1005,
            0.08557000000000001,
            0.08875999999999999,
            0.10286999999999999,
            0.09289,
            0.09441,
            0.09587,
            0.09703,
            0.09786,
            0.09879,
            0.09951,
            0.10012,
            0.10069,
            0.10127000000000001,
            0.10193,
            0.10254,
            0.10314999999999999,
            0.10379000000000001,
            0.10447,
            0.10476,
            0.10637,
            0.10683999999999999,
            0.10743,
            0.10812000000000001,
            0.10887,
            0.10965000000000001,
            0.11048,
            0.11135,
            0.11227,
            0.11324,
            0.11427,
            0.11535999999999999,
            0.1165,
            0.11771999999999999,
            0.11899,
            0.12032999999999999,
            0.12174,
            0.12321999999999998,
            0.12475999999999998,
            0.12637
        ],
        "sigma current": [],
        "temperature": [],
        "humidity": []
    },
    "IV_IMG": [],
    "LEAK_CURRENT": 0.10743,
    "MAXIMUM_VOLTAGE": 200,
    "NO_BREAKDOWN_VOLTAGE_OBSERVED": true
}