{
    "properties": {
        "ANALYSIS_VERSION": "450ffd4c",
        "HUM": 0,
        "TEMP": 20
    },
    "BREAKDOWN_VOLTAGE": -999,
    "IV_ARRAY": {
        "time": [
            0,
            2,
            4,
            6,
            8,
            10,
            12,
            14,
            16,
            18,
            20,
            22,
            24,
            26,
            28,
            30,
            32,
            34,
            36,
            38,
            40,
            42,
            44,
            46,
            48,
            50,
            52,
            54,
            56,
            58,
            60,
            62,
            64,
            66,
            68,
            70,
            72,
            74,
            76,
            78,
            80
        ],
        "voltage": [
            0,
            5,
            10,
            15,
            20,
            25,
            30,
            35,
            40,
            45,
            50,
            55,
            60,
            65,
            70,
            75,
            80,
            85,
            90,
            95,
            100,
            105,
            110,
            115,
            120,
            125,
            130,
            135,
            140,
            145,
            150,
            155,
            160,
            165,
            170,
            175,
            180,
            185,
            190,
            195,
            200
        ],
        "current": [
            5e-07,
            0.07993,
            0.07038,
            0.07422,
            0.07718,
            0.08015,
            0.08376,
            0.08719,
            0.08964,
            0.09139,
            0.09051,
            0.09084,
            0.09123,
            0.09175,
            0.09256,
            0.09337,
            0.09417,
            0.09496,
            0.09573999999999999,
            0.09653,
            0.09731000000000001,
            0.09831,
            0.09915,
            0.09997,
            0.10079,
            0.10160999999999999,
            0.10243,
            0.10327,
            0.10414000000000001,
            0.10505,
            0.10601,
            0.10701000000000001,
            0.10807,
            0.10919999999999999,
            0.11038,
            0.11162,
            0.11293,
            0.1143,
            0.11573,
            0.11723,
            0.1188
        ],
        "sigma current": [],
        "temperature": [],
        "humidity": []
    },
    "IV_IMG": [],
    "LEAK_CURRENT": 0.09997,
    "MAXIMUM_VOLTAGE": 200,
    "NO_BREAKDOWN_VOLTAGE_OBSERVED": true
}