{
    "properties": {
        "ANALYSIS_VERSION": "450ffd4c",
        "HUM": 0,
        "TEMP": 20
    },
    "BREAKDOWN_VOLTAGE": -999,
    "IV_ARRAY": {
        "time": [
            0,
            2,
            4,
            6,
            8,
            10,
            12,
            14,
            16,
            18,
            20,
            22,
            24,
            26,
            28,
            30,
            32,
            34,
            36,
            38,
            40,
            42,
            44,
            46,
            48,
            50,
            52,
            54,
            56,
            58,
            60,
            62,
            64,
            66,
            68,
            70,
            72,
            74,
            76,
            78,
            80
        ],
        "voltage": [
            0,
            5,
            10,
            15,
            20,
            25,
            30,
            35,
            40,
            45,
            50,
            55,
            60,
            65,
            70,
            75,
            80,
            85,
            90,
            95,
            100,
            105,
            110,
            115,
            120,
            125,
            130,
            135,
            140,
            145,
            150,
            155,
            160,
            165,
            170,
            175,
            180,
            185,
            190,
            195,
            200
        ],
        "current": [
            3e-07,
            0.08685999999999999,
            0.07691,
            0.08123,
            0.08424000000000001,
            0.08671,
            0.08886000000000001,
            0.0908,
            0.09257,
            0.09423000000000001,
            0.09572,
            0.09698999999999999,
            0.09812,
            0.09919,
            0.10017000000000001,
            0.10113000000000001,
            0.10211,
            0.10307,
            0.10406,
            0.10505,
            0.10606,
            0.10726999999999999,
            0.10822,
            0.10917,
            0.11012999999999999,
            0.11109999999999999,
            0.11207,
            0.11306,
            0.11407,
            0.11512,
            0.11621000000000001,
            0.11732,
            0.11849,
            0.11971000000000001,
            0.12100000000000001,
            0.12233999999999999,
            0.12373,
            0.12519,
            0.12672,
            0.12830999999999998,
            0.12997
        ],
        "sigma current": [],
        "temperature": [],
        "humidity": []
    },
    "IV_IMG": [],
    "LEAK_CURRENT": 0.10917,
    "MAXIMUM_VOLTAGE": 200,
    "NO_BREAKDOWN_VOLTAGE_OBSERVED": true
}