{
    "properties": {
        "ANALYSIS_VERSION": "450ffd4c",
        "HUM": 0,
        "TEMP": 20
    },
    "BREAKDOWN_VOLTAGE": -999,
    "IV_ARRAY": {
        "time": [
            0,
            2,
            4,
            6,
            8,
            10,
            12,
            14,
            16,
            18,
            20,
            22,
            24,
            26,
            28,
            30,
            32,
            34,
            36,
            38,
            40,
            42,
            44,
            46,
            48,
            50,
            52,
            54,
            56,
            58,
            60,
            62,
            64,
            66,
            68,
            70,
            72,
            74,
            76,
            78,
            80
        ],
        "voltage": [
            0,
            5,
            10,
            15,
            20,
            25,
            30,
            35,
            40,
            45,
            50,
            55,
            60,
            65,
            70,
            75,
            80,
            85,
            90,
            95,
            100,
            105,
            110,
            115,
            120,
            125,
            130,
            135,
            140,
            145,
            150,
            155,
            160,
            165,
            170,
            175,
            180,
            185,
            190,
            195,
            200
        ],
        "current": [
            1.0000000000000001e-07,
            0.08682000000000001,
            0.07631,
            0.08008,
            0.08264,
            0.08511,
            0.0869,
            0.08850000000000001,
            0.08993,
            0.09123,
            0.09221,
            0.09314,
            0.09396,
            0.09475,
            0.09552,
            0.09623999999999999,
            0.09694000000000001,
            0.09765,
            0.09838,
            0.09912,
            0.09987,
            0.10084,
            0.10145,
            0.10213,
            0.10286,
            0.10362,
            0.10443000000000001,
            0.10526,
            0.10613,
            0.10704,
            0.10801,
            0.10902,
            0.11008,
            0.11120000000000001,
            0.11237000000000001,
            0.11361,
            0.11492,
            0.11628000000000001,
            0.11771,
            0.11921,
            0.12076999999999999
        ],
        "sigma current": [],
        "temperature": [],
        "humidity": []
    },
    "IV_IMG": [],
    "LEAK_CURRENT": 0.10213,
    "MAXIMUM_VOLTAGE": 200,
    "NO_BREAKDOWN_VOLTAGE_OBSERVED": true
}