{
    "properties": {
        "ANALYSIS_VERSION": "450ffd4c",
        "HUM": 0,
        "TEMP": 20
    },
    "BREAKDOWN_VOLTAGE": -999,
    "IV_ARRAY": {
        "time": [
            0,
            2,
            4,
            6,
            8,
            10,
            12,
            14,
            16,
            18,
            20,
            22,
            24,
            26,
            28,
            30,
            32,
            34,
            36,
            38,
            40,
            42,
            44,
            46,
            48,
            50,
            52,
            54,
            56,
            58,
            60,
            62,
            64,
            66,
            68,
            70,
            72,
            74,
            76,
            78,
            80
        ],
        "voltage": [
            0,
            5,
            10,
            15,
            20,
            25,
            30,
            35,
            40,
            45,
            50,
            55,
            60,
            65,
            70,
            75,
            80,
            85,
            90,
            95,
            100,
            105,
            110,
            115,
            120,
            125,
            130,
            135,
            140,
            145,
            150,
            155,
            160,
            165,
            170,
            175,
            180,
            185,
            190,
            195,
            200
        ],
        "current": [
            5e-07,
            0.08546,
            0.075,
            0.07897,
            0.08174000000000001,
            0.08404,
            0.08610999999999999,
            0.0881,
            0.09012,
            0.09207,
            0.09343,
            0.09372,
            0.09391,
            0.09451000000000001,
            0.09527000000000001,
            0.09595,
            0.09661,
            0.09727,
            0.09795,
            0.09865,
            0.09936,
            0.10098,
            0.1016,
            0.10223,
            0.10288,
            0.10359,
            0.10434,
            0.10512,
            0.10593,
            0.1068,
            0.10771,
            0.10867,
            0.10969,
            0.11076,
            0.1119,
            0.1131,
            0.11436,
            0.11568,
            0.11707000000000001,
            0.11853,
            0.12004999999999999
        ],
        "sigma current": [],
        "temperature": [],
        "humidity": []
    },
    "IV_IMG": [],
    "LEAK_CURRENT": 0.10223,
    "MAXIMUM_VOLTAGE": 200,
    "NO_BREAKDOWN_VOLTAGE_OBSERVED": true
}