{
    "properties": {
        "ANALYSIS_VERSION": "450ffd4c",
        "HUM": 0,
        "TEMP": 20
    },
    "BREAKDOWN_VOLTAGE": 80,
    "IV_ARRAY": {
        "time": [
            0,
            2,
            4,
            6,
            8,
            10,
            12,
            14,
            16,
            18,
            20,
            22,
            24,
            26,
            28,
            30,
            32,
            34,
            36,
            38,
            40,
            42,
            44,
            46,
            48,
            50,
            52,
            54,
            56,
            58,
            60,
            62,
            64,
            66,
            68,
            70,
            72,
            74,
            76,
            78,
            80
        ],
        "voltage": [
            0,
            5,
            10,
            15,
            20,
            25,
            30,
            35,
            40,
            45,
            50,
            55,
            60,
            65,
            70,
            75,
            80,
            85,
            90,
            95,
            100,
            105,
            110,
            115,
            120,
            125,
            130,
            135,
            140,
            145,
            150,
            155,
            160,
            165,
            170,
            175,
            180,
            185,
            190,
            195,
            200
        ],
        "current": [
            2.0000000000000002e-07,
            0.08413,
            0.074,
            0.07732,
            0.07917,
            0.08043,
            0.0844,
            0.08612,
            0.08771999999999999,
            0.08916,
            0.09033000000000001,
            0.09102,
            0.09169,
            0.09239,
            0.09311,
            0.07601000000000001,
            0.09454,
            0.09523999999999999,
            0.09595,
            0.09667,
            0.0974,
            0.09873,
            0.09938,
            0.10006999999999999,
            0.1008,
            0.09943,
            0.10237,
            0.1032,
            0.10387,
            0.10462,
            0.106,
            0.10954,
            0.10497000000000001,
            0.10715000000000001,
            0.11028,
            0.10006,
            0.10731,
            0.11481,
            0.11563999999999999,
            0.11713,
            0.11871
        ],
        "sigma current": [],
        "temperature": [],
        "humidity": []
    },
    "IV_IMG": [],
    "LEAK_CURRENT": 0.09454,
    "MAXIMUM_VOLTAGE": 200,
    "NO_BREAKDOWN_VOLTAGE_OBSERVED": true
}