{
    "properties": {
        "ANALYSIS_VERSION": "450ffd4c",
        "HUM": 0,
        "TEMP": 20
    },
    "BREAKDOWN_VOLTAGE": -999,
    "IV_ARRAY": {
        "time": [
            0,
            2,
            4,
            6,
            8,
            10,
            12,
            14,
            16,
            18,
            20,
            22,
            24,
            26,
            28,
            30,
            32,
            34,
            36,
            38,
            40,
            42,
            44,
            46,
            48,
            50,
            52,
            54,
            56,
            58,
            60,
            62,
            64,
            66,
            68,
            70,
            72,
            74,
            76,
            78,
            80
        ],
        "voltage": [
            0,
            5,
            10,
            15,
            20,
            25,
            30,
            35,
            40,
            45,
            50,
            55,
            60,
            65,
            70,
            75,
            80,
            85,
            90,
            95,
            100,
            105,
            110,
            115,
            120,
            125,
            130,
            135,
            140,
            145,
            150,
            155,
            160,
            165,
            170,
            175,
            180,
            185,
            190,
            195,
            200
        ],
        "current": [
            6e-07,
            0.09328,
            0.08112,
            0.08502,
            0.08757999999999999,
            0.08955,
            0.09118,
            0.09256,
            0.09378,
            0.09487,
            0.09588999999999999,
            0.09680000000000001,
            0.09748,
            0.09805,
            0.09858,
            0.09921,
            0.0999,
            0.10052,
            0.10115,
            0.10179,
            0.10243,
            0.10448,
            0.10487,
            0.10534,
            0.10590000000000001,
            0.10652,
            0.10718,
            0.1079,
            0.10865999999999999,
            0.10947,
            0.11033,
            0.11126000000000001,
            0.11224,
            0.11328,
            0.11438,
            0.11554,
            0.11675999999999999,
            0.11805,
            0.11939999999999999,
            0.12082,
            0.12230999999999999
        ],
        "sigma current": [],
        "temperature": [],
        "humidity": []
    },
    "IV_IMG": [],
    "LEAK_CURRENT": 0.10534,
    "MAXIMUM_VOLTAGE": 200,
    "NO_BREAKDOWN_VOLTAGE_OBSERVED": true
}