{
    "properties": {
        "ANALYSIS_VERSION": "450ffd4c",
        "HUM": 0,
        "TEMP": 20
    },
    "BREAKDOWN_VOLTAGE": -999,
    "IV_ARRAY": {
        "time": [
            0,
            2,
            4,
            6,
            8,
            10,
            12,
            14,
            16,
            18,
            20,
            22,
            24,
            26,
            28,
            30,
            32,
            34,
            36,
            38,
            40,
            42,
            44,
            46,
            48,
            50,
            52,
            54,
            56,
            58,
            60,
            62,
            64,
            66,
            68,
            70,
            72,
            74,
            76,
            78,
            80
        ],
        "voltage": [
            0,
            5,
            10,
            15,
            20,
            25,
            30,
            35,
            40,
            45,
            50,
            55,
            60,
            65,
            70,
            75,
            80,
            85,
            90,
            95,
            100,
            105,
            110,
            115,
            120,
            125,
            130,
            135,
            140,
            145,
            150,
            155,
            160,
            165,
            170,
            175,
            180,
            185,
            190,
            195,
            200
        ],
        "current": [
            5.8e-06,
            0.09187000000000001,
            0.0793,
            0.08293,
            0.08526,
            0.08711,
            0.08868,
            0.09,
            0.09108000000000001,
            0.09216,
            0.09303,
            0.09376999999999999,
            0.09443,
            0.09541000000000001,
            0.09625,
            0.0969,
            0.09756,
            0.09824999999999999,
            0.09895,
            0.09967000000000001,
            0.10041,
            0.10271,
            0.10303,
            0.10356,
            0.10421000000000001,
            0.10492,
            0.10568000000000001,
            0.10649,
            0.10735,
            0.10825000000000001,
            0.10919999999999999,
            0.11021,
            0.11128,
            0.1124,
            0.11359,
            0.11484,
            0.11615,
            0.11753,
            0.11896999999999999,
            0.12048,
            0.12206
        ],
        "sigma current": [],
        "temperature": [],
        "humidity": []
    },
    "IV_IMG": [],
    "LEAK_CURRENT": 0.10356,
    "MAXIMUM_VOLTAGE": 200,
    "NO_BREAKDOWN_VOLTAGE_OBSERVED": true
}