{
    "properties": {
        "ANALYSIS_VERSION": "450ffd4c",
        "HUM": 0,
        "TEMP": 20
    },
    "BREAKDOWN_VOLTAGE": -999,
    "IV_ARRAY": {
        "time": [
            0,
            2,
            4,
            6,
            8,
            10,
            12,
            14,
            16,
            18,
            20,
            22,
            24,
            26,
            28,
            30,
            32,
            34,
            36,
            38,
            40,
            42,
            44,
            46,
            48,
            50,
            52,
            54,
            56,
            58,
            60,
            62,
            64,
            66,
            68,
            70,
            72,
            74,
            76,
            78,
            80
        ],
        "voltage": [
            0,
            5,
            10,
            15,
            20,
            25,
            30,
            35,
            40,
            45,
            50,
            55,
            60,
            65,
            70,
            75,
            80,
            85,
            90,
            95,
            100,
            105,
            110,
            115,
            120,
            125,
            130,
            135,
            140,
            145,
            150,
            155,
            160,
            165,
            170,
            175,
            180,
            185,
            190,
            195,
            200
        ],
        "current": [
            2.0000000000000002e-07,
            0.09811,
            0.08428,
            0.08764999999999999,
            0.08959,
            0.091,
            0.0921,
            0.09308999999999999,
            0.09397,
            0.09477,
            0.09542,
            0.09594,
            0.09642,
            0.0971,
            0.09762,
            0.09812,
            0.09864,
            0.09921,
            0.0998,
            0.10042,
            0.10103,
            0.10349,
            0.10349,
            0.10385,
            0.10438,
            0.10498,
            0.10564,
            0.10637,
            0.10715000000000001,
            0.10796,
            0.10881,
            0.10972000000000001,
            0.11069,
            0.11171,
            0.11279,
            0.11393,
            0.11513999999999999,
            0.11641,
            0.11774,
            0.11913,
            0.12060000000000001
        ],
        "sigma current": [],
        "temperature": [],
        "humidity": []
    },
    "IV_IMG": [],
    "LEAK_CURRENT": 0.10385,
    "MAXIMUM_VOLTAGE": 200,
    "NO_BREAKDOWN_VOLTAGE_OBSERVED": true
}