{
    "properties": {
        "ANALYSIS_VERSION": "450ffd4c",
        "HUM": 0,
        "TEMP": 20
    },
    "BREAKDOWN_VOLTAGE": -999,
    "IV_ARRAY": {
        "time": [
            0,
            2,
            4,
            6,
            8,
            10,
            12,
            14,
            16,
            18,
            20,
            22,
            24,
            26,
            28,
            30,
            32,
            34,
            36,
            38,
            40,
            42,
            44,
            46,
            48,
            50,
            52,
            54,
            56,
            58,
            60,
            62,
            64,
            66,
            68,
            70,
            72,
            74,
            76,
            78,
            80
        ],
        "voltage": [
            0,
            5,
            10,
            15,
            20,
            25,
            30,
            35,
            40,
            45,
            50,
            55,
            60,
            65,
            70,
            75,
            80,
            85,
            90,
            95,
            100,
            105,
            110,
            115,
            120,
            125,
            130,
            135,
            140,
            145,
            150,
            155,
            160,
            165,
            170,
            175,
            180,
            185,
            190,
            195,
            200
        ],
        "current": [
            2.3e-06,
            0.08533,
            0.07559,
            0.07973,
            0.08256000000000001,
            0.08591,
            0.08808,
            0.09032,
            0.09246,
            0.09443,
            0.09574999999999999,
            0.09667,
            0.09695000000000001,
            0.09754,
            0.09834000000000001,
            0.09918,
            0.09992,
            0.1007,
            0.10143,
            0.10217,
            0.10292,
            0.10311000000000001,
            0.10392,
            0.10478,
            0.10564,
            0.10656,
            0.10747999999999999,
            0.10844,
            0.1094,
            0.11044,
            0.11151,
            0.11263999999999999,
            0.11379,
            0.11501,
            0.11631,
            0.11765,
            0.11908,
            0.12057,
            0.12209,
            0.12368000000000001,
            0.12536999999999998
        ],
        "sigma current": [],
        "temperature": [],
        "humidity": []
    },
    "IV_IMG": [],
    "LEAK_CURRENT": 0.10478,
    "MAXIMUM_VOLTAGE": 200,
    "NO_BREAKDOWN_VOLTAGE_OBSERVED": true
}