{
    "properties": {
        "ANALYSIS_VERSION": "450ffd4c",
        "HUM": 0,
        "TEMP": 20
    },
    "BREAKDOWN_VOLTAGE": -999,
    "IV_ARRAY": {
        "time": [
            0,
            2,
            4,
            6,
            8,
            10,
            12,
            14,
            16,
            18,
            20,
            22,
            24,
            26,
            28,
            30,
            32,
            34,
            36,
            38,
            40,
            42,
            44,
            46,
            48,
            50,
            52,
            54,
            56,
            58,
            60,
            62,
            64,
            66,
            68,
            70,
            72,
            74,
            76,
            78,
            80
        ],
        "voltage": [
            0,
            5,
            10,
            15,
            20,
            25,
            30,
            35,
            40,
            45,
            50,
            55,
            60,
            65,
            70,
            75,
            80,
            85,
            90,
            95,
            100,
            105,
            110,
            115,
            120,
            125,
            130,
            135,
            140,
            145,
            150,
            155,
            160,
            165,
            170,
            175,
            180,
            185,
            190,
            195,
            200
        ],
        "current": [
            5e-07,
            0.08881,
            0.07739,
            0.08127999999999999,
            0.08412,
            0.08655,
            0.08872000000000001,
            0.09084,
            0.09286,
            0.09427999999999999,
            0.09517,
            0.0954,
            0.09581999999999999,
            0.09646,
            0.09708,
            0.09771,
            0.09831,
            0.09892000000000001,
            0.09955,
            0.1002,
            0.10086,
            0.10248,
            0.10299,
            0.10357,
            0.10422000000000001,
            0.10490000000000001,
            0.10543,
            0.10636,
            0.10716,
            0.10797,
            0.10884,
            0.10976999999999999,
            0.11068,
            0.1118,
            0.11303,
            0.11417999999999999,
            0.11549,
            0.1168,
            0.11819,
            0.11972,
            0.12123
        ],
        "sigma current": [],
        "temperature": [],
        "humidity": []
    },
    "IV_IMG": [],
    "LEAK_CURRENT": 0.10357,
    "MAXIMUM_VOLTAGE": 200,
    "NO_BREAKDOWN_VOLTAGE_OBSERVED": true
}