{
    "properties": {
        "ANALYSIS_VERSION": "450ffd4c",
        "HUM": 0,
        "TEMP": 20
    },
    "BREAKDOWN_VOLTAGE": -999,
    "IV_ARRAY": {
        "time": [
            0,
            2,
            4,
            6,
            8,
            10,
            12,
            14,
            16,
            18,
            20,
            22,
            24,
            26,
            28,
            30,
            32,
            34,
            36,
            38,
            40,
            42,
            44,
            46,
            48,
            50,
            52,
            54,
            56,
            58,
            60,
            62,
            64,
            66,
            68,
            70,
            72,
            74,
            76,
            78,
            80
        ],
        "voltage": [
            0,
            5,
            10,
            15,
            20,
            25,
            30,
            35,
            40,
            45,
            50,
            55,
            60,
            65,
            70,
            75,
            80,
            85,
            90,
            95,
            100,
            105,
            110,
            115,
            120,
            125,
            130,
            135,
            140,
            145,
            150,
            155,
            160,
            165,
            170,
            175,
            180,
            185,
            190,
            195,
            200
        ],
        "current": [
            5e-07,
            0.08685999999999999,
            0.07626999999999999,
            0.08019000000000001,
            0.08295999999999999,
            0.08524,
            0.08721,
            0.08899,
            0.09065,
            0.09209,
            0.0932,
            0.09408000000000001,
            0.09487,
            0.09559999999999999,
            0.0963,
            0.09698999999999999,
            0.09764,
            0.0983,
            0.09895,
            0.09963,
            0.10031,
            0.1018,
            0.10241,
            0.10304,
            0.10371,
            0.10441,
            0.10514,
            0.10592,
            0.10674,
            0.10761,
            0.10853,
            0.10952,
            0.11056,
            0.11166999999999999,
            0.11283,
            0.11407,
            0.11538000000000001,
            0.11674999999999999,
            0.1182,
            0.11971000000000001,
            0.1213
        ],
        "sigma current": [],
        "temperature": [],
        "humidity": []
    },
    "IV_IMG": [],
    "LEAK_CURRENT": 0.10304,
    "MAXIMUM_VOLTAGE": 200,
    "NO_BREAKDOWN_VOLTAGE_OBSERVED": true
}