{
    "properties": {
        "ANALYSIS_VERSION": "450ffd4c",
        "HUM": 0,
        "TEMP": 20
    },
    "BREAKDOWN_VOLTAGE": -999,
    "IV_ARRAY": {
        "time": [
            0,
            2,
            4,
            6,
            8,
            10,
            12,
            14,
            16,
            18,
            20,
            22,
            24,
            26,
            28,
            30,
            32,
            34,
            36,
            38,
            40,
            42,
            44,
            46,
            48,
            50,
            52,
            54,
            56,
            58,
            60,
            62,
            64,
            66,
            68,
            70,
            72,
            74,
            76,
            78,
            80
        ],
        "voltage": [
            0,
            5,
            10,
            15,
            20,
            25,
            30,
            35,
            40,
            45,
            50,
            55,
            60,
            65,
            70,
            75,
            80,
            85,
            90,
            95,
            100,
            105,
            110,
            115,
            120,
            125,
            130,
            135,
            140,
            145,
            150,
            155,
            160,
            165,
            170,
            175,
            180,
            185,
            190,
            195,
            200
        ],
        "current": [
            1.0000000000000001e-07,
            0.08796,
            0.07751999999999999,
            0.0816,
            0.08432,
            0.08746000000000001,
            0.08932,
            0.09107,
            0.09269000000000001,
            0.09462999999999999,
            0.09569000000000001,
            0.09665,
            0.09696,
            0.09734,
            0.09809999999999999,
            0.09888999999999999,
            0.09963999999999999,
            0.10044,
            0.10123,
            0.10201,
            0.10278,
            0.10328,
            0.10393000000000001,
            0.10466,
            0.10547000000000001,
            0.10631,
            0.10718,
            0.10808,
            0.109,
            0.10996,
            0.11097,
            0.11202000000000001,
            0.11311,
            0.11427,
            0.11548,
            0.11675999999999999,
            0.11809,
            0.11949,
            0.12095,
            0.12247000000000001,
            0.12405999999999999
        ],
        "sigma current": [],
        "temperature": [],
        "humidity": []
    },
    "IV_IMG": [],
    "LEAK_CURRENT": 0.10466,
    "MAXIMUM_VOLTAGE": 200,
    "NO_BREAKDOWN_VOLTAGE_OBSERVED": true
}