{
    "properties": {
        "ANALYSIS_VERSION": "450ffd4c",
        "HUM": 0,
        "TEMP": 20
    },
    "BREAKDOWN_VOLTAGE": -999,
    "IV_ARRAY": {
        "time": [
            0,
            2,
            4,
            6,
            8,
            10,
            12,
            14,
            16,
            18,
            20,
            22,
            24,
            26,
            28,
            30,
            32,
            34,
            36,
            38,
            40,
            42,
            44,
            46,
            48,
            50,
            52,
            54,
            56,
            58,
            60,
            62,
            64,
            66,
            68,
            70,
            72,
            74,
            76,
            78,
            80
        ],
        "voltage": [
            0,
            5,
            10,
            15,
            20,
            25,
            30,
            35,
            40,
            45,
            50,
            55,
            60,
            65,
            70,
            75,
            80,
            85,
            90,
            95,
            100,
            105,
            110,
            115,
            120,
            125,
            130,
            135,
            140,
            145,
            150,
            155,
            160,
            165,
            170,
            175,
            180,
            185,
            190,
            195,
            200
        ],
        "current": [
            6e-07,
            0.09422000000000001,
            0.08144,
            0.08504,
            0.08728,
            0.0891,
            0.0908,
            0.09243,
            0.09369,
            0.09433,
            0.09492,
            0.09527000000000001,
            0.09573999999999999,
            0.09623,
            0.09673000000000001,
            0.09727,
            0.09784,
            0.09843,
            0.09905,
            0.09969,
            0.10035,
            0.10296000000000001,
            0.10305,
            0.10344,
            0.10399,
            0.10462,
            0.10529999999999999,
            0.10603,
            0.10682,
            0.10766,
            0.10856,
            0.10951000000000001,
            0.11053,
            0.11161,
            0.11275,
            0.11395,
            0.11521999999999999,
            0.11656000000000001,
            0.11795,
            0.11943000000000001,
            0.12095
        ],
        "sigma current": [],
        "temperature": [],
        "humidity": []
    },
    "IV_IMG": [],
    "LEAK_CURRENT": 0.10344,
    "MAXIMUM_VOLTAGE": 200,
    "NO_BREAKDOWN_VOLTAGE_OBSERVED": true
}