{
    "properties": {
        "ANALYSIS_VERSION": "450ffd4c",
        "HUM": 0,
        "TEMP": 20
    },
    "BREAKDOWN_VOLTAGE": -999,
    "IV_ARRAY": {
        "time": [
            0,
            2,
            4,
            6,
            8,
            10,
            12,
            14,
            16,
            18,
            20,
            22,
            24,
            26,
            28,
            30,
            32,
            34,
            36,
            38,
            40,
            42,
            44,
            46,
            48,
            50,
            52,
            54,
            56,
            58,
            60,
            62,
            64,
            66,
            68,
            70,
            72,
            74,
            76,
            78,
            80
        ],
        "voltage": [
            0,
            5,
            10,
            15,
            20,
            25,
            30,
            35,
            40,
            45,
            50,
            55,
            60,
            65,
            70,
            75,
            80,
            85,
            90,
            95,
            100,
            105,
            110,
            115,
            120,
            125,
            130,
            135,
            140,
            145,
            150,
            155,
            160,
            165,
            170,
            175,
            180,
            185,
            190,
            195,
            200
        ],
        "current": [
            5e-07,
            0.08766,
            0.07344,
            0.07793,
            0.08080999999999999,
            0.08317,
            0.08523,
            0.08710000000000001,
            0.0888,
            0.09039,
            0.09169999999999999,
            0.09287,
            0.09383,
            0.09462999999999999,
            0.09542,
            0.09626,
            0.09705,
            0.09781,
            0.09858,
            0.09934,
            0.10011,
            0.10128000000000001,
            0.10207,
            0.10286,
            0.10365,
            0.10446,
            0.10529,
            0.10616,
            0.10705999999999999,
            0.108,
            0.10899,
            0.11028,
            0.11123999999999999,
            0.11219,
            0.1127,
            0.11492,
            0.1163,
            0.11776,
            0.11929000000000001,
            0.12090000000000001,
            0.12242
        ],
        "sigma current": [],
        "temperature": [],
        "humidity": []
    },
    "IV_IMG": [],
    "LEAK_CURRENT": 0.10286,
    "MAXIMUM_VOLTAGE": 200,
    "NO_BREAKDOWN_VOLTAGE_OBSERVED": true
}