{
    "properties": {
        "ANALYSIS_VERSION": "450ffd4c",
        "HUM": 0,
        "TEMP": 20
    },
    "BREAKDOWN_VOLTAGE": -999,
    "IV_ARRAY": {
        "time": [
            0,
            2,
            4,
            6,
            8,
            10,
            12,
            14,
            16,
            18,
            20,
            22,
            24,
            26,
            28,
            30,
            32,
            34,
            36,
            38,
            40,
            42,
            44,
            46,
            48,
            50,
            52,
            54,
            56,
            58,
            60,
            62,
            64,
            66,
            68,
            70,
            72,
            74,
            76,
            78,
            80
        ],
        "voltage": [
            0,
            5,
            10,
            15,
            20,
            25,
            30,
            35,
            40,
            45,
            50,
            55,
            60,
            65,
            70,
            75,
            80,
            85,
            90,
            95,
            100,
            105,
            110,
            115,
            120,
            125,
            130,
            135,
            140,
            145,
            150,
            155,
            160,
            165,
            170,
            175,
            180,
            185,
            190,
            195,
            200
        ],
        "current": [
            2.0000000000000002e-07,
            0.08537,
            0.07484,
            0.07845,
            0.08082,
            0.08267,
            0.08421999999999999,
            0.08562,
            0.08692,
            0.08821,
            0.08933,
            0.08996000000000001,
            0.09057,
            0.09115000000000001,
            0.0918,
            0.09251999999999999,
            0.09324,
            0.09394000000000001,
            0.09464,
            0.09535,
            0.09607,
            0.09744,
            0.09805,
            0.09872,
            0.09946,
            0.10021999999999999,
            0.10102,
            0.10185,
            0.10271,
            0.10362,
            0.10456,
            0.10555,
            0.10659,
            0.10768,
            0.10883,
            0.11003,
            0.11129,
            0.11262,
            0.11401,
            0.11547,
            0.11699000000000001
        ],
        "sigma current": [],
        "temperature": [],
        "humidity": []
    },
    "IV_IMG": [],
    "LEAK_CURRENT": 0.09872,
    "MAXIMUM_VOLTAGE": 200,
    "NO_BREAKDOWN_VOLTAGE_OBSERVED": true
}