{
    "properties": {
        "ANALYSIS_VERSION": "450ffd4c",
        "HUM": 0,
        "TEMP": 20
    },
    "BREAKDOWN_VOLTAGE": -999,
    "IV_ARRAY": {
        "time": [
            0,
            2,
            4,
            6,
            8,
            10,
            12,
            14,
            16,
            18,
            20,
            22,
            24,
            26,
            28,
            30,
            32,
            34,
            36,
            38,
            40,
            42,
            44,
            46,
            48,
            50,
            52,
            54,
            56,
            58,
            60,
            62,
            64,
            66,
            68,
            70,
            72,
            74,
            76,
            78,
            80
        ],
        "voltage": [
            0,
            5,
            10,
            15,
            20,
            25,
            30,
            35,
            40,
            45,
            50,
            55,
            60,
            65,
            70,
            75,
            80,
            85,
            90,
            95,
            100,
            105,
            110,
            115,
            120,
            125,
            130,
            135,
            140,
            145,
            150,
            155,
            160,
            165,
            170,
            175,
            180,
            185,
            190,
            195,
            200
        ],
        "current": [
            4.0000000000000003e-07,
            0.09984,
            0.08663,
            0.09154,
            0.09473000000000001,
            0.09718,
            0.09918,
            0.10086,
            0.10232000000000001,
            0.10362,
            0.10481,
            0.10589,
            0.10676999999999999,
            0.10749,
            0.1081,
            0.10877,
            0.10955,
            0.11038,
            0.11120000000000001,
            0.11202000000000001,
            0.11284,
            0.11509,
            0.11569,
            0.11633,
            0.11703999999999999,
            0.11778,
            0.11855,
            0.11938,
            0.12025000000000001,
            0.12116999999999999,
            0.12216,
            0.12319999999999999,
            0.12428,
            0.12542,
            0.12661,
            0.12786999999999998,
            0.12918,
            0.13057000000000002,
            0.13201,
            0.13352,
            0.13510000000000003
        ],
        "sigma current": [],
        "temperature": [],
        "humidity": []
    },
    "IV_IMG": [],
    "LEAK_CURRENT": 0.11633,
    "MAXIMUM_VOLTAGE": 200,
    "NO_BREAKDOWN_VOLTAGE_OBSERVED": true
}