{
    "properties": {
        "ANALYSIS_VERSION": "450ffd4c",
        "HUM": 0,
        "TEMP": 20
    },
    "BREAKDOWN_VOLTAGE": -999,
    "IV_ARRAY": {
        "time": [
            0,
            2,
            4,
            6,
            8,
            10,
            12,
            14,
            16,
            18,
            20,
            22,
            24,
            26,
            28,
            30,
            32,
            34,
            36,
            38,
            40,
            42,
            44,
            46,
            48,
            50,
            52,
            54,
            56,
            58,
            60,
            62,
            64,
            66,
            68,
            70,
            72,
            74,
            76,
            78,
            80
        ],
        "voltage": [
            0,
            5,
            10,
            15,
            20,
            25,
            30,
            35,
            40,
            45,
            50,
            55,
            60,
            65,
            70,
            75,
            80,
            85,
            90,
            95,
            100,
            105,
            110,
            115,
            120,
            125,
            130,
            135,
            140,
            145,
            150,
            155,
            160,
            165,
            170,
            175,
            180,
            185,
            190,
            195,
            200
        ],
        "current": [
            5e-07,
            0.08281,
            0.07318999999999999,
            0.07728,
            0.08024999999999999,
            0.08276,
            0.08501,
            0.08714,
            0.08921,
            0.09107,
            0.09263,
            0.09391,
            0.09445,
            0.09497,
            0.09574999999999999,
            0.09651,
            0.09726,
            0.098,
            0.09874999999999999,
            0.09949999999999999,
            0.10027,
            0.10146,
            0.10224,
            0.10302,
            0.10381,
            0.10459,
            0.10539000000000001,
            0.10621,
            0.10704999999999999,
            0.10794999999999999,
            0.10888,
            0.10986,
            0.1109,
            0.112,
            0.11314,
            0.11436,
            0.11563,
            0.11696999999999999,
            0.11838,
            0.11983999999999999,
            0.12137999999999999
        ],
        "sigma current": [],
        "temperature": [],
        "humidity": []
    },
    "IV_IMG": [],
    "LEAK_CURRENT": 0.10302,
    "MAXIMUM_VOLTAGE": 200,
    "NO_BREAKDOWN_VOLTAGE_OBSERVED": true
}