{
    "properties": {
        "ANALYSIS_VERSION": "450ffd4c",
        "HUM": 0,
        "TEMP": 20
    },
    "BREAKDOWN_VOLTAGE": -999,
    "IV_ARRAY": {
        "time": [
            0,
            2,
            4,
            6,
            8,
            10,
            12,
            14,
            16,
            18,
            20,
            22,
            24,
            26,
            28,
            30,
            32,
            34,
            36,
            38,
            40,
            42,
            44,
            46,
            48,
            50,
            52,
            54,
            56,
            58,
            60,
            62,
            64,
            66,
            68,
            70,
            72,
            74,
            76,
            78,
            80
        ],
        "voltage": [
            0,
            5,
            10,
            15,
            20,
            25,
            30,
            35,
            40,
            45,
            50,
            55,
            60,
            65,
            70,
            75,
            80,
            85,
            90,
            95,
            100,
            105,
            110,
            115,
            120,
            125,
            130,
            135,
            140,
            145,
            150,
            155,
            160,
            165,
            170,
            175,
            180,
            185,
            190,
            195,
            200
        ],
        "current": [
            2.0000000000000002e-07,
            0.08442,
            0.07492,
            0.07889,
            0.08155,
            0.08366,
            0.0855,
            0.0872,
            0.08883999999999999,
            0.09048,
            0.0919,
            0.09208,
            0.07994,
            0.09312000000000001,
            0.09368,
            0.09438,
            0.09506,
            0.09572,
            0.09637,
            0.09705,
            0.09774,
            0.09902,
            0.09963999999999999,
            0.10028999999999999,
            0.10099000000000001,
            0.10172,
            0.10248,
            0.10328999999999999,
            0.10413,
            0.10500999999999999,
            0.10593,
            0.1069,
            0.10791,
            0.10898,
            0.1101,
            0.11127000000000001,
            0.11251000000000001,
            0.11381,
            0.11517000000000001,
            0.11659,
            0.11807
        ],
        "sigma current": [],
        "temperature": [],
        "humidity": []
    },
    "IV_IMG": [],
    "LEAK_CURRENT": 0.10028999999999999,
    "MAXIMUM_VOLTAGE": 200,
    "NO_BREAKDOWN_VOLTAGE_OBSERVED": true
}