{
    "properties": {
        "ANALYSIS_VERSION": "ad4945a2",
        "HUM": 0,
        "TEMP": 20
    },
    "BREAKDOWN_VOLTAGE": -999,
    "IV_ARRAY": {
        "time": [
            0,
            2,
            4,
            6,
            8,
            10,
            12,
            14,
            16,
            18,
            20,
            22,
            24,
            26,
            28,
            30,
            32,
            34,
            36,
            38,
            40,
            42,
            44,
            46,
            48,
            50,
            52,
            54,
            56,
            58,
            60,
            62,
            64,
            66,
            68,
            70,
            72,
            74,
            76,
            78,
            80
        ],
        "voltage": [
            0,
            5,
            10,
            15,
            20,
            25,
            30,
            35,
            40,
            45,
            50,
            55,
            60,
            65,
            70,
            75,
            80,
            85,
            90,
            95,
            100,
            105,
            110,
            115,
            120,
            125,
            130,
            135,
            140,
            145,
            150,
            155,
            160,
            165,
            170,
            175,
            180,
            185,
            190,
            195,
            200
        ],
        "current": [
            3e-07,
            0.07225000000000001,
            0.0665,
            0.06988,
            0.07217,
            0.074,
            0.07557,
            0.07696,
            0.07824,
            0.07946,
            0.08064,
            0.08170999999999999,
            0.08263000000000001,
            0.08333,
            0.08423,
            0.08519,
            0.0861,
            0.08699,
            0.08787,
            0.08875999999999999,
            0.08964,
            0.09094000000000001,
            0.09169999999999999,
            0.09251,
            0.09338,
            0.09426999999999999,
            0.09518,
            0.09612,
            0.09709000000000001,
            0.09808,
            0.09914,
            0.10019,
            0.10159,
            0.10250999999999999,
            0.10375999999999999,
            0.10481,
            0.10717,
            0.10785,
            0.10921,
            0.11067,
            0.11227
        ],
        "sigma current": [],
        "temperature": [],
        "humidity": []
    },
    "IV_IMG": "f25b59715eb945c2a8e0b64bbee35751ee83f625b2d4861ee57ab886871bb168",
    "LEAK_CURRENT": 0.08964,
    "MAXIMUM_VOLTAGE": 200,
    "NO_BREAKDOWN_VOLTAGE_OBSERVED": true
}