{
    "properties": {
        "ANALYSIS_VERSION": "450ffd4c",
        "HUM": 0,
        "TEMP": 20
    },
    "BREAKDOWN_VOLTAGE": -999,
    "IV_ARRAY": {
        "time": [
            0,
            2,
            4,
            6,
            8,
            10,
            12,
            14,
            16,
            18,
            20,
            22,
            24,
            26,
            28,
            30,
            32,
            34,
            36,
            38,
            40,
            42,
            44,
            46,
            48,
            50,
            52,
            54,
            56,
            58,
            60,
            62,
            64,
            66,
            68,
            70,
            72,
            74,
            76,
            78,
            80
        ],
        "voltage": [
            0,
            5,
            10,
            15,
            20,
            25,
            30,
            35,
            40,
            45,
            50,
            55,
            60,
            65,
            70,
            75,
            80,
            85,
            90,
            95,
            100,
            105,
            110,
            115,
            120,
            125,
            130,
            135,
            140,
            145,
            150,
            155,
            160,
            165,
            170,
            175,
            180,
            185,
            190,
            195,
            200
        ],
        "current": [
            5e-07,
            0.08699,
            0.0772,
            0.08155,
            0.08442,
            0.08714,
            0.08956,
            0.09122000000000001,
            0.09227,
            0.09408000000000001,
            0.09533,
            0.09628,
            0.09722,
            0.09791,
            0.09867999999999999,
            0.09949999999999999,
            0.10026,
            0.10106000000000001,
            0.10186,
            0.10264999999999999,
            0.10345,
            0.10399,
            0.10465,
            0.10540000000000001,
            0.10619,
            0.10702,
            0.10787,
            0.10877,
            0.10969,
            0.11064,
            0.11163000000000001,
            0.11267,
            0.11374,
            0.11487,
            0.11605,
            0.11729,
            0.11857999999999999,
            0.11993,
            0.12134,
            0.12282000000000001,
            0.12435
        ],
        "sigma current": [],
        "temperature": [],
        "humidity": []
    },
    "IV_IMG": [],
    "LEAK_CURRENT": 0.10540000000000001,
    "MAXIMUM_VOLTAGE": 200,
    "NO_BREAKDOWN_VOLTAGE_OBSERVED": true
}