{
    "properties": {
        "ANALYSIS_VERSION": "450ffd4c",
        "HUM": 0,
        "TEMP": 20
    },
    "BREAKDOWN_VOLTAGE": -999,
    "IV_ARRAY": {
        "time": [
            0,
            2,
            4,
            6,
            8,
            10,
            12,
            14,
            16,
            18,
            20,
            22,
            24,
            26,
            28,
            30,
            32,
            34,
            36,
            38,
            40,
            42,
            44,
            46,
            48,
            50,
            52,
            54,
            56,
            58,
            60,
            62,
            64,
            66,
            68,
            70,
            72,
            74,
            76,
            78,
            80
        ],
        "voltage": [
            0,
            5,
            10,
            15,
            20,
            25,
            30,
            35,
            40,
            45,
            50,
            55,
            60,
            65,
            70,
            75,
            80,
            85,
            90,
            95,
            100,
            105,
            110,
            115,
            120,
            125,
            130,
            135,
            140,
            145,
            150,
            155,
            160,
            165,
            170,
            175,
            180,
            185,
            190,
            195,
            200
        ],
        "current": [
            3e-07,
            0.08009999999999999,
            0.07049000000000001,
            0.07439000000000001,
            0.07711,
            0.07946,
            0.08156999999999999,
            0.08355,
            0.0854,
            0.08711,
            0.08871000000000001,
            0.09008,
            0.09045,
            0.09117,
            0.09203,
            0.09287999999999999,
            0.09373000000000001,
            0.09455999999999999,
            0.09539,
            0.09620000000000001,
            0.09701000000000001,
            0.09817999999999999,
            0.09895999999999999,
            0.09977,
            0.1006,
            0.10144,
            0.1023,
            0.10319,
            0.1041,
            0.10505,
            0.10604,
            0.10707,
            0.10815,
            0.10926999999999999,
            0.11046,
            0.11170000000000001,
            0.11299,
            0.11435000000000001,
            0.11577,
            0.11725,
            0.1188
        ],
        "sigma current": [],
        "temperature": [],
        "humidity": []
    },
    "IV_IMG": [],
    "LEAK_CURRENT": 0.09977,
    "MAXIMUM_VOLTAGE": 200,
    "NO_BREAKDOWN_VOLTAGE_OBSERVED": true
}