{
    "properties": {
        "ANALYSIS_VERSION": "450ffd4c",
        "HUM": 0,
        "TEMP": 20
    },
    "BREAKDOWN_VOLTAGE": -999,
    "IV_ARRAY": {
        "time": [
            0,
            2,
            4,
            6,
            8,
            10,
            12,
            14,
            16,
            18,
            20,
            22,
            24,
            26,
            28,
            30,
            32,
            34,
            36,
            38,
            40,
            42,
            44,
            46,
            48,
            50,
            52,
            54,
            56,
            58,
            60,
            62,
            64,
            66,
            68,
            70,
            72,
            74,
            76,
            78,
            80
        ],
        "voltage": [
            0,
            5,
            10,
            15,
            20,
            25,
            30,
            35,
            40,
            45,
            50,
            55,
            60,
            65,
            70,
            75,
            80,
            85,
            90,
            95,
            100,
            105,
            110,
            115,
            120,
            125,
            130,
            135,
            140,
            145,
            150,
            155,
            160,
            165,
            170,
            175,
            180,
            185,
            190,
            195,
            200
        ],
        "current": [
            4.4e-06,
            0.10256,
            0.08771999999999999,
            0.09103,
            0.09283000000000001,
            0.09408000000000001,
            0.09517,
            0.09604,
            0.09684,
            0.09759,
            0.09824999999999999,
            0.0988,
            0.09924,
            0.09965,
            0.10009,
            0.10057,
            0.10110999999999999,
            0.10167,
            0.10228,
            0.10293999999999999,
            0.10362,
            0.10641,
            0.10636,
            0.10676,
            0.10739,
            0.10812000000000001,
            0.10893,
            0.10984,
            0.11084000000000001,
            0.11191,
            0.11304,
            0.11424,
            0.11552000000000001,
            0.11688,
            0.11833,
            0.11987,
            0.1215,
            0.12321999999999998,
            0.12502,
            0.12693000000000002,
            0.12891
        ],
        "sigma current": [],
        "temperature": [],
        "humidity": []
    },
    "IV_IMG": [],
    "LEAK_CURRENT": 0.10636,
    "MAXIMUM_VOLTAGE": 200,
    "NO_BREAKDOWN_VOLTAGE_OBSERVED": true
}