{
    "properties": {
        "ANALYSIS_VERSION": "450ffd4c",
        "HUM": 0,
        "TEMP": 20
    },
    "BREAKDOWN_VOLTAGE": -999,
    "IV_ARRAY": {
        "time": [
            0,
            2,
            4,
            6,
            8,
            10,
            12,
            14,
            16,
            18,
            20,
            22,
            24,
            26,
            28,
            30,
            32,
            34,
            36,
            38,
            40,
            42,
            44,
            46,
            48,
            50,
            52,
            54,
            56,
            58,
            60,
            62,
            64,
            66,
            68,
            70,
            72,
            74,
            76,
            78,
            80
        ],
        "voltage": [
            0,
            5,
            10,
            15,
            20,
            25,
            30,
            35,
            40,
            45,
            50,
            55,
            60,
            65,
            70,
            75,
            80,
            85,
            90,
            95,
            100,
            105,
            110,
            115,
            120,
            125,
            130,
            135,
            140,
            145,
            150,
            155,
            160,
            165,
            170,
            175,
            180,
            185,
            190,
            195,
            200
        ],
        "current": [
            0,
            0.08408,
            0.07371,
            0.07730999999999999,
            0.07975,
            0.0817,
            0.08337,
            0.08487,
            0.08627,
            0.08747,
            0.08831,
            0.08899,
            0.08962,
            0.09025000000000001,
            0.09088,
            0.09147,
            0.09203,
            0.09261,
            0.09322,
            0.09385,
            0.09448999999999999,
            0.09579,
            0.09634,
            0.09696,
            0.09763,
            0.09835,
            0.09911,
            0.0999,
            0.10073,
            0.10160999999999999,
            0.10254,
            0.10351,
            0.10452,
            0.10561000000000001,
            0.10674,
            0.10793,
            0.10919999999999999,
            0.11051,
            0.11191,
            0.11337,
            0.11488
        ],
        "sigma current": [],
        "temperature": [],
        "humidity": []
    },
    "IV_IMG": [],
    "LEAK_CURRENT": 0.09696,
    "MAXIMUM_VOLTAGE": 200,
    "NO_BREAKDOWN_VOLTAGE_OBSERVED": true
}