{
    "properties": {
        "ANALYSIS_VERSION": "450ffd4c",
        "HUM": 0,
        "TEMP": 20
    },
    "BREAKDOWN_VOLTAGE": -999,
    "IV_ARRAY": {
        "time": [
            0,
            2,
            4,
            6,
            8,
            10,
            12,
            14,
            16,
            18,
            20,
            22,
            24,
            26,
            28,
            30,
            32,
            34,
            36,
            38,
            40,
            42,
            44,
            46,
            48,
            50,
            52,
            54,
            56,
            58,
            60,
            62,
            64,
            66,
            68,
            70,
            72,
            74,
            76,
            78,
            80
        ],
        "voltage": [
            0,
            5,
            10,
            15,
            20,
            25,
            30,
            35,
            40,
            45,
            50,
            55,
            60,
            65,
            70,
            75,
            80,
            85,
            90,
            95,
            100,
            105,
            110,
            115,
            120,
            125,
            130,
            135,
            140,
            145,
            150,
            155,
            160,
            165,
            170,
            175,
            180,
            185,
            190,
            195,
            200
        ],
        "current": [
            5e-07,
            0.0828,
            0.07295,
            0.07699,
            0.07993,
            0.08244,
            0.08471999999999999,
            0.08692,
            0.08912,
            0.09114,
            0.09279,
            0.09368,
            0.09374,
            0.09430000000000001,
            0.09505,
            0.09578,
            0.09648,
            0.09718,
            0.09787,
            0.09857,
            0.09928,
            0.1005,
            0.10124,
            0.10196,
            0.10271,
            0.10346,
            0.10422000000000001,
            0.10502,
            0.10585,
            0.10672000000000001,
            0.10765,
            0.10864,
            0.10968,
            0.11078,
            0.11194,
            0.11317,
            0.11445999999999999,
            0.11582,
            0.11725,
            0.11874,
            0.12030000000000002
        ],
        "sigma current": [],
        "temperature": [],
        "humidity": []
    },
    "IV_IMG": [],
    "LEAK_CURRENT": 0.10196,
    "MAXIMUM_VOLTAGE": 200,
    "NO_BREAKDOWN_VOLTAGE_OBSERVED": true
}