{
    "properties": {
        "ANALYSIS_VERSION": "450ffd4c",
        "HUM": 0,
        "TEMP": 20
    },
    "BREAKDOWN_VOLTAGE": -999,
    "IV_ARRAY": {
        "time": [
            0,
            2,
            4,
            6,
            8,
            10,
            12,
            14,
            16,
            18,
            20,
            22,
            24,
            26,
            28,
            30,
            32,
            34,
            36,
            38,
            40,
            42,
            44,
            46,
            48,
            50,
            52,
            54,
            56,
            58,
            60,
            62,
            64,
            66,
            68,
            70,
            72,
            74,
            76,
            78,
            80
        ],
        "voltage": [
            0,
            5,
            10,
            15,
            20,
            25,
            30,
            35,
            40,
            45,
            50,
            55,
            60,
            65,
            70,
            75,
            80,
            85,
            90,
            95,
            100,
            105,
            110,
            115,
            120,
            125,
            130,
            135,
            140,
            145,
            150,
            155,
            160,
            165,
            170,
            175,
            180,
            185,
            190,
            195,
            200
        ],
        "current": [
            6e-07,
            0.10250999999999999,
            0.08812,
            0.09143000000000001,
            0.09332,
            0.09465,
            0.09576000000000001,
            0.09670999999999999,
            0.09754,
            0.09828,
            0.09895999999999999,
            0.09952,
            0.09999999999999999,
            0.10042,
            0.10083,
            0.1013,
            0.10183,
            0.10242,
            0.10303,
            0.10366,
            0.10431,
            0.10707,
            0.10695,
            0.10726999999999999,
            0.10783,
            0.10847000000000001,
            0.10918,
            0.10997,
            0.1108,
            0.11166999999999999,
            0.11258,
            0.11355,
            0.11457,
            0.11565,
            0.1168,
            0.11800999999999999,
            0.11928,
            0.12062999999999999,
            0.12204,
            0.12353,
            0.12508
        ],
        "sigma current": [],
        "temperature": [],
        "humidity": []
    },
    "IV_IMG": [],
    "LEAK_CURRENT": 0.10726999999999999,
    "MAXIMUM_VOLTAGE": 200,
    "NO_BREAKDOWN_VOLTAGE_OBSERVED": true
}