{
    "properties": {
        "ANALYSIS_VERSION": "450ffd4c",
        "HUM": 0,
        "TEMP": 20
    },
    "BREAKDOWN_VOLTAGE": -999,
    "IV_ARRAY": {
        "time": [
            0,
            2,
            4,
            6,
            8,
            10,
            12,
            14,
            16,
            18,
            20,
            22,
            24,
            26,
            28,
            30,
            32,
            34,
            36,
            38,
            40,
            42,
            44,
            46,
            48,
            50,
            52,
            54,
            56,
            58,
            60,
            62,
            64,
            66,
            68,
            70,
            72,
            74,
            76,
            78,
            80
        ],
        "voltage": [
            0,
            5,
            10,
            15,
            20,
            25,
            30,
            35,
            40,
            45,
            50,
            55,
            60,
            65,
            70,
            75,
            80,
            85,
            90,
            95,
            100,
            105,
            110,
            115,
            120,
            125,
            130,
            135,
            140,
            145,
            150,
            155,
            160,
            165,
            170,
            175,
            180,
            185,
            190,
            195,
            200
        ],
        "current": [
            3e-07,
            0.09119,
            0.08033,
            0.08481,
            0.08788,
            0.09028,
            0.09243,
            0.09437000000000001,
            0.09623,
            0.09806000000000001,
            0.09985,
            0.10110999999999999,
            0.10123,
            0.10184,
            0.10264,
            0.10346,
            0.10435,
            0.10521,
            0.10603,
            0.10683999999999999,
            0.10765,
            0.10898,
            0.10973000000000001,
            0.1105,
            0.1113,
            0.11214,
            0.11299,
            0.11387,
            0.1148,
            0.11576,
            0.11675999999999999,
            0.11781,
            0.1189,
            0.12004999999999999,
            0.12125000000000001,
            0.1225,
            0.12382,
            0.12522,
            0.12667,
            0.12819,
            0.12977
        ],
        "sigma current": [],
        "temperature": [],
        "humidity": []
    },
    "IV_IMG": [],
    "LEAK_CURRENT": 0.1105,
    "MAXIMUM_VOLTAGE": 200,
    "NO_BREAKDOWN_VOLTAGE_OBSERVED": true
}