{
    "properties": {
        "ANALYSIS_VERSION": "450ffd4c",
        "HUM": 0,
        "TEMP": 20
    },
    "BREAKDOWN_VOLTAGE": -999,
    "IV_ARRAY": {
        "time": [
            0,
            2,
            4,
            6,
            8,
            10,
            12,
            14,
            16,
            18,
            20,
            22,
            24,
            26,
            28,
            30,
            32,
            34,
            36,
            38,
            40,
            42,
            44,
            46,
            48,
            50,
            52,
            54,
            56,
            58,
            60,
            62,
            64,
            66,
            68,
            70,
            72,
            74,
            76,
            78,
            80
        ],
        "voltage": [
            0,
            5,
            10,
            15,
            20,
            25,
            30,
            35,
            40,
            45,
            50,
            55,
            60,
            65,
            70,
            75,
            80,
            85,
            90,
            95,
            100,
            105,
            110,
            115,
            120,
            125,
            130,
            135,
            140,
            145,
            150,
            155,
            160,
            165,
            170,
            175,
            180,
            185,
            190,
            195,
            200
        ],
        "current": [
            4.2e-06,
            0.09867999999999999,
            0.08473,
            0.08819,
            0.09005,
            0.09139,
            0.09246,
            0.09339,
            0.09422000000000001,
            0.095,
            0.09567999999999999,
            0.09623,
            0.0967,
            0.09713,
            0.09758,
            0.09804,
            0.09852999999999999,
            0.09906,
            0.09963,
            0.10023,
            0.10087,
            0.10394,
            0.10379000000000001,
            0.10414000000000001,
            0.10467,
            0.10528,
            0.10596,
            0.10669,
            0.10747,
            0.10830999999999999,
            0.10921,
            0.11017,
            0.11119000000000001,
            0.11227,
            0.11341,
            0.11463,
            0.11591,
            0.11726,
            0.11869,
            0.12017,
            0.12172000000000001
        ],
        "sigma current": [],
        "temperature": [],
        "humidity": []
    },
    "IV_IMG": [],
    "LEAK_CURRENT": 0.10414000000000001,
    "MAXIMUM_VOLTAGE": 200,
    "NO_BREAKDOWN_VOLTAGE_OBSERVED": true
}