{
    "properties": {
        "ANALYSIS_VERSION": "450ffd4c",
        "HUM": 0,
        "TEMP": 20
    },
    "BREAKDOWN_VOLTAGE": -999,
    "IV_ARRAY": {
        "time": [
            0,
            2,
            4,
            6,
            8,
            10,
            12,
            14,
            16,
            18,
            20,
            22,
            24,
            26,
            28,
            30,
            32,
            34,
            36,
            38,
            40,
            42,
            44,
            46,
            48,
            50,
            52,
            54,
            56,
            58,
            60,
            62,
            64,
            66,
            68,
            70,
            72,
            74,
            76,
            78,
            80
        ],
        "voltage": [
            0,
            5,
            10,
            15,
            20,
            25,
            30,
            35,
            40,
            45,
            50,
            55,
            60,
            65,
            70,
            75,
            80,
            85,
            90,
            95,
            100,
            105,
            110,
            115,
            120,
            125,
            130,
            135,
            140,
            145,
            150,
            155,
            160,
            165,
            170,
            175,
            180,
            185,
            190,
            195,
            200
        ],
        "current": [
            4.8e-06,
            0.09866,
            0.08499999999999999,
            0.08896,
            0.09146,
            0.09353,
            0.09534000000000001,
            0.09704,
            0.09851,
            0.09968,
            0.10039000000000001,
            0.101,
            0.10158,
            0.1022,
            0.10285,
            0.10338,
            0.10402,
            0.10474,
            0.10536999999999999,
            0.106,
            0.10675,
            0.10924,
            0.1094,
            0.10988,
            0.11049,
            0.11111,
            0.11186,
            0.11258,
            0.11345,
            0.1143,
            0.1153,
            0.11639,
            0.11734,
            0.11835999999999999,
            0.11953000000000001,
            0.12078,
            0.12200000000000001,
            0.12338,
            0.12475,
            0.12630000000000002,
            0.12785
        ],
        "sigma current": [],
        "temperature": [],
        "humidity": []
    },
    "IV_IMG": [],
    "LEAK_CURRENT": 0.10988,
    "MAXIMUM_VOLTAGE": 200,
    "NO_BREAKDOWN_VOLTAGE_OBSERVED": true
}