{
    "properties": {
        "ANALYSIS_VERSION": "450ffd4c",
        "HUM": 0,
        "TEMP": 20
    },
    "BREAKDOWN_VOLTAGE": -999,
    "IV_ARRAY": {
        "time": [
            0,
            2,
            4,
            6,
            8,
            10,
            12,
            14,
            16,
            18,
            20,
            22,
            24,
            26,
            28,
            30,
            32,
            34,
            36,
            38,
            40,
            42,
            44,
            46,
            48,
            50,
            52,
            54,
            56,
            58,
            60,
            62,
            64,
            66,
            68,
            70,
            72,
            74,
            76,
            78,
            80
        ],
        "voltage": [
            0,
            5,
            10,
            15,
            20,
            25,
            30,
            35,
            40,
            45,
            50,
            55,
            60,
            65,
            70,
            75,
            80,
            85,
            90,
            95,
            100,
            105,
            110,
            115,
            120,
            125,
            130,
            135,
            140,
            145,
            150,
            155,
            160,
            165,
            170,
            175,
            180,
            185,
            190,
            195,
            200
        ],
        "current": [
            5.0999999999999995e-06,
            0.09176999999999999,
            0.07953,
            0.08331999999999999,
            0.08574,
            0.08757999999999999,
            0.08909,
            0.09036,
            0.09147999999999999,
            0.09251,
            0.09344,
            0.09419,
            0.0948,
            0.09535,
            0.09591000000000001,
            0.09648999999999999,
            0.09708,
            0.09767,
            0.09829,
            0.09892000000000001,
            0.09956999999999999,
            0.10176,
            0.10208,
            0.10254,
            0.1031,
            0.10372,
            0.10439999999999999,
            0.10512,
            0.10590000000000001,
            0.10674,
            0.10763,
            0.10857,
            0.10957,
            0.11063,
            0.11176,
            0.11295000000000001,
            0.11421,
            0.11553000000000001,
            0.11693,
            0.11839000000000001,
            0.11990999999999999
        ],
        "sigma current": [],
        "temperature": [],
        "humidity": []
    },
    "IV_IMG": [],
    "LEAK_CURRENT": 0.10254,
    "MAXIMUM_VOLTAGE": 200,
    "NO_BREAKDOWN_VOLTAGE_OBSERVED": true
}