{
    "properties": {
        "ANALYSIS_VERSION": "450ffd4c",
        "HUM": 0,
        "TEMP": 20
    },
    "BREAKDOWN_VOLTAGE": -999,
    "IV_ARRAY": {
        "time": [
            0,
            2,
            4,
            6,
            8,
            10,
            12,
            14,
            16,
            18,
            20,
            22,
            24,
            26,
            28,
            30,
            32,
            34,
            36,
            38,
            40,
            42,
            44,
            46,
            48,
            50,
            52,
            54,
            56,
            58,
            60,
            62,
            64,
            66,
            68,
            70,
            72,
            74,
            76,
            78,
            80
        ],
        "voltage": [
            0,
            5,
            10,
            15,
            20,
            25,
            30,
            35,
            40,
            45,
            50,
            55,
            60,
            65,
            70,
            75,
            80,
            85,
            90,
            95,
            100,
            105,
            110,
            115,
            120,
            125,
            130,
            135,
            140,
            145,
            150,
            155,
            160,
            165,
            170,
            175,
            180,
            185,
            190,
            195,
            200
        ],
        "current": [
            3e-07,
            0.08301,
            0.07297,
            0.07662,
            0.0791,
            0.08109,
            0.0828,
            0.08437,
            0.08588,
            0.08726,
            0.08825999999999999,
            0.08881,
            0.08932,
            0.08999,
            0.09064,
            0.09126999999999999,
            0.09187000000000001,
            0.09248,
            0.0931,
            0.09374,
            0.09437000000000001,
            0.09573,
            0.0963,
            0.09694000000000001,
            0.09762,
            0.09834000000000001,
            0.0991,
            0.09991,
            0.10074999999999999,
            0.10163,
            0.10257,
            0.10355,
            0.10458,
            0.10567,
            0.10682,
            0.10803,
            0.10929,
            0.11063,
            0.11203,
            0.11349000000000001,
            0.11502
        ],
        "sigma current": [],
        "temperature": [],
        "humidity": []
    },
    "IV_IMG": [],
    "LEAK_CURRENT": 0.09694000000000001,
    "MAXIMUM_VOLTAGE": 200,
    "NO_BREAKDOWN_VOLTAGE_OBSERVED": true
}