{
    "properties": {
        "ANALYSIS_VERSION": "450ffd4c",
        "HUM": 0,
        "TEMP": 20
    },
    "BREAKDOWN_VOLTAGE": -999,
    "IV_ARRAY": {
        "time": [
            0,
            2,
            4,
            6,
            8,
            10,
            12,
            14,
            16,
            18,
            20,
            22,
            24,
            26,
            28,
            30,
            32,
            34,
            36,
            38,
            40,
            42,
            44,
            46,
            48,
            50,
            52,
            54,
            56,
            58,
            60,
            62,
            64,
            66,
            68,
            70,
            72,
            74,
            76,
            78,
            80
        ],
        "voltage": [
            0,
            5,
            10,
            15,
            20,
            25,
            30,
            35,
            40,
            45,
            50,
            55,
            60,
            65,
            70,
            75,
            80,
            85,
            90,
            95,
            100,
            105,
            110,
            115,
            120,
            125,
            130,
            135,
            140,
            145,
            150,
            155,
            160,
            165,
            170,
            175,
            180,
            185,
            190,
            195,
            200
        ],
        "current": [
            1.0000000000000001e-07,
            0.10014999999999999,
            0.08563000000000001,
            0.08875,
            0.09106,
            0.09251999999999999,
            0.09373000000000001,
            0.0948,
            0.09585,
            0.09657,
            0.09743,
            0.09808,
            0.09863000000000001,
            0.09921,
            0.09974000000000001,
            0.10035,
            0.10094,
            0.10151,
            0.1021,
            0.10271,
            0.10295,
            0.10448,
            0.10490000000000001,
            0.10544999999999999,
            0.10609,
            0.10679000000000001,
            0.10754,
            0.10832,
            0.10914,
            0.11001000000000001,
            0.11094,
            0.11192,
            0.11296,
            0.11406000000000001,
            0.11521999999999999,
            0.11645,
            0.11775000000000001,
            0.11911,
            0.12054,
            0.12202999999999999,
            0.12359
        ],
        "sigma current": [],
        "temperature": [],
        "humidity": []
    },
    "IV_IMG": [],
    "LEAK_CURRENT": 0.10544999999999999,
    "MAXIMUM_VOLTAGE": 200,
    "NO_BREAKDOWN_VOLTAGE_OBSERVED": true
}