{
    "properties": {
        "ANALYSIS_VERSION": "450ffd4c",
        "HUM": 0,
        "TEMP": 20
    },
    "BREAKDOWN_VOLTAGE": -999,
    "IV_ARRAY": {
        "time": [
            0,
            2,
            4,
            6,
            8,
            10,
            12,
            14,
            16,
            18,
            20,
            22,
            24,
            26,
            28,
            30,
            32,
            34,
            36,
            38,
            40,
            42,
            44,
            46,
            48,
            50,
            52,
            54,
            56,
            58,
            60,
            62,
            64,
            66,
            68,
            70,
            72,
            74,
            76,
            78,
            80
        ],
        "voltage": [
            0,
            5,
            10,
            15,
            20,
            25,
            30,
            35,
            40,
            45,
            50,
            55,
            60,
            65,
            70,
            75,
            80,
            85,
            90,
            95,
            100,
            105,
            110,
            115,
            120,
            125,
            130,
            135,
            140,
            145,
            150,
            155,
            160,
            165,
            170,
            175,
            180,
            185,
            190,
            195,
            200
        ],
        "current": [
            3e-07,
            0.07828,
            0.06935999999999999,
            0.07323,
            0.07596,
            0.07826,
            0.08029,
            0.08217,
            0.08387,
            0.08531,
            0.08656,
            0.0877,
            0.08874,
            0.08967,
            0.09056,
            0.09143000000000001,
            0.09231,
            0.09319000000000001,
            0.09407,
            0.09495,
            0.09583,
            0.09702000000000001,
            0.09784,
            0.09869,
            0.09955,
            0.10041,
            0.1013,
            0.10221,
            0.10314,
            0.10411,
            0.10511000000000001,
            0.10615,
            0.10724,
            0.10839,
            0.10958000000000001,
            0.11083,
            0.11214,
            0.11351,
            0.11495,
            0.11644,
            0.118
        ],
        "sigma current": [],
        "temperature": [],
        "humidity": []
    },
    "IV_IMG": [],
    "LEAK_CURRENT": 0.09869,
    "MAXIMUM_VOLTAGE": 200,
    "NO_BREAKDOWN_VOLTAGE_OBSERVED": true
}