{
    "properties": {
        "ANALYSIS_VERSION": "450ffd4c",
        "HUM": 0,
        "TEMP": 20
    },
    "BREAKDOWN_VOLTAGE": -999,
    "IV_ARRAY": {
        "time": [
            0,
            2,
            4,
            6,
            8,
            10,
            12,
            14,
            16,
            18,
            20,
            22,
            24,
            26,
            28,
            30,
            32,
            34,
            36,
            38,
            40,
            42,
            44,
            46,
            48,
            50,
            52,
            54,
            56,
            58,
            60,
            62,
            64,
            66,
            68,
            70,
            72,
            74,
            76,
            78,
            80
        ],
        "voltage": [
            0,
            5,
            10,
            15,
            20,
            25,
            30,
            35,
            40,
            45,
            50,
            55,
            60,
            65,
            70,
            75,
            80,
            85,
            90,
            95,
            100,
            105,
            110,
            115,
            120,
            125,
            130,
            135,
            140,
            145,
            150,
            155,
            160,
            165,
            170,
            175,
            180,
            185,
            190,
            195,
            200
        ],
        "current": [
            3e-07,
            0.07879000000000001,
            0.06988,
            0.07377,
            0.07647,
            0.07869,
            0.08064,
            0.08245,
            0.08424000000000001,
            0.08605,
            0.08775,
            0.08922000000000001,
            0.08984,
            0.09007,
            0.09097999999999999,
            0.09181,
            0.09268,
            0.09355,
            0.09438,
            0.0952,
            0.09598000000000001,
            0.09709000000000001,
            0.09793,
            0.09878,
            0.09965,
            0.10051,
            0.10138,
            0.10227,
            0.10319,
            0.10415,
            0.10514,
            0.10616,
            0.10723,
            0.10836,
            0.10954,
            0.11077000000000001,
            0.11205,
            0.1134,
            0.11481,
            0.11595,
            0.11444
        ],
        "sigma current": [],
        "temperature": [],
        "humidity": []
    },
    "IV_IMG": [],
    "LEAK_CURRENT": 0.09878,
    "MAXIMUM_VOLTAGE": 200,
    "NO_BREAKDOWN_VOLTAGE_OBSERVED": true
}