{
    "properties": {
        "ANALYSIS_VERSION": "450ffd4c",
        "HUM": 0,
        "TEMP": 20
    },
    "BREAKDOWN_VOLTAGE": -999,
    "IV_ARRAY": {
        "time": [
            0,
            2,
            4,
            6,
            8,
            10,
            12,
            14,
            16,
            18,
            20,
            22,
            24,
            26,
            28,
            30,
            32,
            34,
            36,
            38,
            40,
            42,
            44,
            46,
            48,
            50,
            52,
            54,
            56,
            58,
            60,
            62,
            64,
            66,
            68,
            70,
            72,
            74,
            76,
            78,
            80
        ],
        "voltage": [
            0,
            5,
            10,
            15,
            20,
            25,
            30,
            35,
            40,
            45,
            50,
            55,
            60,
            65,
            70,
            75,
            80,
            85,
            90,
            95,
            100,
            105,
            110,
            115,
            120,
            125,
            130,
            135,
            140,
            145,
            150,
            155,
            160,
            165,
            170,
            175,
            180,
            185,
            190,
            195,
            200
        ],
        "current": [
            4.0000000000000003e-07,
            0.10103,
            0.08591,
            0.08902,
            0.09075,
            0.09197,
            0.093,
            0.09393,
            0.09477,
            0.09552,
            0.09615,
            0.09666000000000001,
            0.09709000000000001,
            0.0975,
            0.09794,
            0.09841000000000001,
            0.09892000000000001,
            0.09946,
            0.10004,
            0.10065,
            0.10124999999999999,
            0.10389,
            0.10377,
            0.10407000000000001,
            0.10458,
            0.10518000000000001,
            0.10583000000000001,
            0.10657,
            0.10737000000000001,
            0.1082,
            0.10908,
            0.11001000000000001,
            0.11099,
            0.11203,
            0.11314,
            0.1143,
            0.11554,
            0.11682999999999999,
            0.1182,
            0.11962,
            0.12111999999999999
        ],
        "sigma current": [],
        "temperature": [],
        "humidity": []
    },
    "IV_IMG": [],
    "LEAK_CURRENT": 0.10407000000000001,
    "MAXIMUM_VOLTAGE": 200,
    "NO_BREAKDOWN_VOLTAGE_OBSERVED": true
}