{
    "properties": {
        "ANALYSIS_VERSION": "450ffd4c",
        "HUM": 0,
        "TEMP": 20
    },
    "BREAKDOWN_VOLTAGE": -999,
    "IV_ARRAY": {
        "time": [
            0,
            2,
            4,
            6,
            8,
            10,
            12,
            14,
            16,
            18,
            20,
            22,
            24,
            26,
            28,
            30,
            32,
            34,
            36,
            38,
            40,
            42,
            44,
            46,
            48,
            50,
            52,
            54,
            56,
            58,
            60,
            62,
            64,
            66,
            68,
            70,
            72,
            74,
            76,
            78,
            80
        ],
        "voltage": [
            0,
            5,
            10,
            15,
            20,
            25,
            30,
            35,
            40,
            45,
            50,
            55,
            60,
            65,
            70,
            75,
            80,
            85,
            90,
            95,
            100,
            105,
            110,
            115,
            120,
            125,
            130,
            135,
            140,
            145,
            150,
            155,
            160,
            165,
            170,
            175,
            180,
            185,
            190,
            195,
            200
        ],
        "current": [
            2.3e-06,
            0.08336,
            0.0737,
            0.07747000000000001,
            0.07998000000000001,
            0.08194,
            0.08358,
            0.08501,
            0.0863,
            0.08750999999999999,
            0.08866,
            0.08953,
            0.09014,
            0.09069,
            0.09129000000000001,
            0.092,
            0.09268,
            0.09331,
            0.09394000000000001,
            0.09458,
            0.09525,
            0.09648,
            0.09706,
            0.0977,
            0.09838999999999999,
            0.09912,
            0.09988000000000001,
            0.10067,
            0.10151,
            0.10238,
            0.1033,
            0.10425,
            0.10526,
            0.10633,
            0.10744000000000001,
            0.10862000000000001,
            0.10984999999999999,
            0.11115,
            0.11251000000000001,
            0.11393,
            0.11541
        ],
        "sigma current": [],
        "temperature": [],
        "humidity": []
    },
    "IV_IMG": [],
    "LEAK_CURRENT": 0.0977,
    "MAXIMUM_VOLTAGE": 200,
    "NO_BREAKDOWN_VOLTAGE_OBSERVED": true
}