{
    "properties": {
        "ANALYSIS_VERSION": "450ffd4c",
        "HUM": 0,
        "TEMP": 20
    },
    "BREAKDOWN_VOLTAGE": -999,
    "IV_ARRAY": {
        "time": [
            0,
            2,
            4,
            6,
            8,
            10,
            12,
            14,
            16,
            18,
            20,
            22,
            24,
            26,
            28,
            30,
            32,
            34,
            36,
            38,
            40,
            42,
            44,
            46,
            48,
            50,
            52,
            54,
            56,
            58,
            60,
            62,
            64,
            66,
            68,
            70,
            72,
            74,
            76,
            78,
            80
        ],
        "voltage": [
            0,
            5,
            10,
            15,
            20,
            25,
            30,
            35,
            40,
            45,
            50,
            55,
            60,
            65,
            70,
            75,
            80,
            85,
            90,
            95,
            100,
            105,
            110,
            115,
            120,
            125,
            130,
            135,
            140,
            145,
            150,
            155,
            160,
            165,
            170,
            175,
            180,
            185,
            190,
            195,
            200
        ],
        "current": [
            5e-07,
            0.09937,
            0.08537,
            0.0888,
            0.09078,
            0.0922,
            0.09326000000000001,
            0.09422000000000001,
            0.09508,
            0.09586,
            0.09659,
            0.0972,
            0.0977,
            0.09814,
            0.09859,
            0.09911,
            0.09967000000000001,
            0.10026,
            0.10087,
            0.1015,
            0.10214,
            0.10459,
            0.10461,
            0.10499,
            0.10553000000000001,
            0.10615,
            0.10682,
            0.10754999999999999,
            0.10835,
            0.10918,
            0.11005999999999999,
            0.11099,
            0.11197,
            0.11302,
            0.11412,
            0.11528999999999999,
            0.11652,
            0.11782000000000001,
            0.11918999999999999,
            0.12062,
            0.12211
        ],
        "sigma current": [],
        "temperature": [],
        "humidity": []
    },
    "IV_IMG": [],
    "LEAK_CURRENT": 0.10499,
    "MAXIMUM_VOLTAGE": 200,
    "NO_BREAKDOWN_VOLTAGE_OBSERVED": true
}