{
    "properties": {
        "ANALYSIS_VERSION": "450ffd4c",
        "HUM": 0,
        "TEMP": 20
    },
    "BREAKDOWN_VOLTAGE": -999,
    "IV_ARRAY": {
        "time": [
            0,
            2,
            4,
            6,
            8,
            10,
            12,
            14,
            16,
            18,
            20,
            22,
            24,
            26,
            28,
            30,
            32,
            34,
            36,
            38,
            40,
            42,
            44,
            46,
            48,
            50,
            52,
            54,
            56,
            58,
            60,
            62,
            64,
            66,
            68,
            70,
            72,
            74,
            76,
            78,
            80
        ],
        "voltage": [
            0,
            5,
            10,
            15,
            20,
            25,
            30,
            35,
            40,
            45,
            50,
            55,
            60,
            65,
            70,
            75,
            80,
            85,
            90,
            95,
            100,
            105,
            110,
            115,
            120,
            125,
            130,
            135,
            140,
            145,
            150,
            155,
            160,
            165,
            170,
            175,
            180,
            185,
            190,
            195,
            200
        ],
        "current": [
            1.7e-06,
            0.07597,
            0.06931,
            0.07295,
            0.07531,
            0.0772,
            0.07880000000000001,
            0.08023,
            0.08152000000000001,
            0.08273,
            0.08379,
            0.08474000000000001,
            0.08562,
            0.08553,
            0.08643,
            0.08734,
            0.08823,
            0.08912,
            0.09000999999999999,
            0.0909,
            0.09178,
            0.09315999999999999,
            0.09391,
            0.09472,
            0.09556,
            0.09643,
            0.09731000000000001,
            0.09822,
            0.09916,
            0.10012,
            0.10112,
            0.10215,
            0.10324,
            0.10436000000000001,
            0.10554000000000001,
            0.10676999999999999,
            0.10804000000000001,
            0.10937000000000001,
            0.11075,
            0.11218,
            0.11367
        ],
        "sigma current": [],
        "temperature": [],
        "humidity": []
    },
    "IV_IMG": [],
    "LEAK_CURRENT": 0.09315999999999999,
    "MAXIMUM_VOLTAGE": 200,
    "NO_BREAKDOWN_VOLTAGE_OBSERVED": true
}