{
    "properties": {
        "ANALYSIS_VERSION": "450ffd4c",
        "HUM": 0,
        "TEMP": 20
    },
    "BREAKDOWN_VOLTAGE": -999,
    "IV_ARRAY": {
        "time": [
            0,
            2,
            4,
            6,
            8,
            10,
            12,
            14,
            16,
            18,
            20,
            22,
            24,
            26,
            28,
            30,
            32,
            34,
            36,
            38,
            40,
            42,
            44,
            46,
            48,
            50,
            52,
            54,
            56,
            58,
            60,
            62,
            64,
            66,
            68,
            70,
            72,
            74,
            76,
            78,
            80
        ],
        "voltage": [
            0,
            5,
            10,
            15,
            20,
            25,
            30,
            35,
            40,
            45,
            50,
            55,
            60,
            65,
            70,
            75,
            80,
            85,
            90,
            95,
            100,
            105,
            110,
            115,
            120,
            125,
            130,
            135,
            140,
            145,
            150,
            155,
            160,
            165,
            170,
            175,
            180,
            185,
            190,
            195,
            200
        ],
        "current": [
            4.4e-06,
            0.09196,
            0.08019000000000001,
            0.08426,
            0.08689000000000001,
            0.08900000000000001,
            0.09089,
            0.09275,
            0.09441999999999999,
            0.09565,
            0.09651,
            0.09701000000000001,
            0.0972,
            0.09753,
            0.09804,
            0.09857,
            0.09909,
            0.09963999999999999,
            0.10026,
            0.10091,
            0.10156,
            0.10381,
            0.10418999999999999,
            0.10465,
            0.10521,
            0.10582,
            0.10649,
            0.10721,
            0.10798,
            0.10881,
            0.10969999999999999,
            0.11065,
            0.11165,
            0.11272,
            0.11385,
            0.11504,
            0.11631,
            0.11764,
            0.11903,
            0.12048999999999999,
            0.12202999999999999
        ],
        "sigma current": [],
        "temperature": [],
        "humidity": []
    },
    "IV_IMG": [],
    "LEAK_CURRENT": 0.10465,
    "MAXIMUM_VOLTAGE": 200,
    "NO_BREAKDOWN_VOLTAGE_OBSERVED": true
}