{
    "properties": {
        "ANALYSIS_VERSION": "450ffd4c",
        "HUM": 0,
        "TEMP": 20
    },
    "BREAKDOWN_VOLTAGE": -999,
    "IV_ARRAY": {
        "time": [
            0,
            2,
            4,
            6,
            8,
            10,
            12,
            14,
            16,
            18,
            20,
            22,
            24,
            26,
            28,
            30,
            32,
            34,
            36,
            38,
            40,
            42,
            44,
            46,
            48,
            50,
            52,
            54,
            56,
            58,
            60,
            62,
            64,
            66,
            68,
            70,
            72,
            74,
            76,
            78,
            80
        ],
        "voltage": [
            0,
            5,
            10,
            15,
            20,
            25,
            30,
            35,
            40,
            45,
            50,
            55,
            60,
            65,
            70,
            75,
            80,
            85,
            90,
            95,
            100,
            105,
            110,
            115,
            120,
            125,
            130,
            135,
            140,
            145,
            150,
            155,
            160,
            165,
            170,
            175,
            180,
            185,
            190,
            195,
            200
        ],
        "current": [
            2.0000000000000002e-07,
            0.08435999999999999,
            0.07443,
            0.07830000000000001,
            0.08089,
            0.08295999999999999,
            0.0847,
            0.08624,
            0.08763,
            0.08892,
            0.09004000000000001,
            0.09085,
            0.09151000000000001,
            0.09214,
            0.0928,
            0.09352,
            0.09423000000000001,
            0.09492,
            0.09559999999999999,
            0.09630999999999999,
            0.09703,
            0.09831999999999999,
            0.09895999999999999,
            0.09965,
            0.1004,
            0.10118999999999999,
            0.102,
            0.10286,
            0.10375999999999999,
            0.10469,
            0.10567,
            0.10669999999999999,
            0.10778,
            0.1089,
            0.11009000000000001,
            0.11135,
            0.11266000000000001,
            0.11402999999999999,
            0.11547,
            0.11698,
            0.11855
        ],
        "sigma current": [],
        "temperature": [],
        "humidity": []
    },
    "IV_IMG": [],
    "LEAK_CURRENT": 0.09965,
    "MAXIMUM_VOLTAGE": 200,
    "NO_BREAKDOWN_VOLTAGE_OBSERVED": true
}