{
    "properties": {
        "ANALYSIS_VERSION": "450ffd4c",
        "HUM": 0,
        "TEMP": 20
    },
    "BREAKDOWN_VOLTAGE": -999,
    "IV_ARRAY": {
        "time": [
            0,
            2,
            4,
            6,
            8,
            10,
            12,
            14,
            16,
            18,
            20,
            22,
            24,
            26,
            28,
            30,
            32,
            34,
            36,
            38,
            40,
            42,
            44,
            46,
            48,
            50,
            52,
            54,
            56,
            58,
            60,
            62,
            64,
            66,
            68,
            70,
            72,
            74,
            76,
            78,
            80
        ],
        "voltage": [
            0,
            5,
            10,
            15,
            20,
            25,
            30,
            35,
            40,
            45,
            50,
            55,
            60,
            65,
            70,
            75,
            80,
            85,
            90,
            95,
            100,
            105,
            110,
            115,
            120,
            125,
            130,
            135,
            140,
            145,
            150,
            155,
            160,
            165,
            170,
            175,
            180,
            185,
            190,
            195,
            200
        ],
        "current": [
            3e-07,
            0.07868,
            0.06958,
            0.07339,
            0.07608000000000001,
            0.07833,
            0.08035,
            0.08228,
            0.0842,
            0.08603999999999999,
            0.08771,
            0.08901,
            0.0892,
            0.08965,
            0.09052,
            0.09138,
            0.09224,
            0.0931,
            0.09394000000000001,
            0.0948,
            0.09566999999999999,
            0.09684999999999999,
            0.09767,
            0.09852,
            0.09939,
            0.10027,
            0.10115,
            0.10206,
            0.10300999999999999,
            0.10397999999999999,
            0.105,
            0.10605,
            0.10715000000000001,
            0.1083,
            0.1095,
            0.11076,
            0.11207,
            0.11345,
            0.11489,
            0.11639,
            0.11795
        ],
        "sigma current": [],
        "temperature": [],
        "humidity": []
    },
    "IV_IMG": [],
    "LEAK_CURRENT": 0.09852,
    "MAXIMUM_VOLTAGE": 200,
    "NO_BREAKDOWN_VOLTAGE_OBSERVED": true
}