{
    "properties": {
        "ANALYSIS_VERSION": "450ffd4c",
        "HUM": 0,
        "TEMP": 20
    },
    "BREAKDOWN_VOLTAGE": -999,
    "IV_ARRAY": {
        "time": [
            0,
            2,
            4,
            6,
            8,
            10,
            12,
            14,
            16,
            18,
            20,
            22,
            24,
            26,
            28,
            30,
            32,
            34,
            36,
            38,
            40,
            42,
            44,
            46,
            48,
            50,
            52,
            54,
            56,
            58,
            60,
            62,
            64,
            66,
            68,
            70,
            72,
            74,
            76,
            78,
            80
        ],
        "voltage": [
            0,
            5,
            10,
            15,
            20,
            25,
            30,
            35,
            40,
            45,
            50,
            55,
            60,
            65,
            70,
            75,
            80,
            85,
            90,
            95,
            100,
            105,
            110,
            115,
            120,
            125,
            130,
            135,
            140,
            145,
            150,
            155,
            160,
            165,
            170,
            175,
            180,
            185,
            190,
            195,
            200
        ],
        "current": [
            3e-07,
            0.07795,
            0.06904,
            0.07285,
            0.07556,
            0.07782,
            0.07982,
            0.08165,
            0.08335000000000001,
            0.08487,
            0.08617,
            0.08733,
            0.08837,
            0.08933,
            0.09024,
            0.09118,
            0.09211,
            0.09301999999999999,
            0.09393,
            0.09485,
            0.09577000000000001,
            0.09699999999999999,
            0.09784,
            0.09872,
            0.09961,
            0.10051,
            0.10142000000000001,
            0.10235999999999999,
            0.10331,
            0.1043,
            0.10532000000000001,
            0.10639,
            0.1075,
            0.10865999999999999,
            0.10988,
            0.11114,
            0.11248,
            0.11387,
            0.11532,
            0.11684,
            0.11842
        ],
        "sigma current": [],
        "temperature": [],
        "humidity": []
    },
    "IV_IMG": [],
    "LEAK_CURRENT": 0.09872,
    "MAXIMUM_VOLTAGE": 200,
    "NO_BREAKDOWN_VOLTAGE_OBSERVED": true
}