{
    "properties": {
        "ANALYSIS_VERSION": "450ffd4c",
        "HUM": 0,
        "TEMP": 20
    },
    "BREAKDOWN_VOLTAGE": -999,
    "IV_ARRAY": {
        "time": [
            0,
            2,
            4,
            6,
            8,
            10,
            12,
            14,
            16,
            18,
            20,
            22,
            24,
            26,
            28,
            30,
            32,
            34,
            36,
            38,
            40,
            42,
            44,
            46,
            48,
            50,
            52,
            54,
            56,
            58,
            60,
            62,
            64,
            66,
            68,
            70,
            72,
            74,
            76,
            78,
            80
        ],
        "voltage": [
            0,
            5,
            10,
            15,
            20,
            25,
            30,
            35,
            40,
            45,
            50,
            55,
            60,
            65,
            70,
            75,
            80,
            85,
            90,
            95,
            100,
            105,
            110,
            115,
            120,
            125,
            130,
            135,
            140,
            145,
            150,
            155,
            160,
            165,
            170,
            175,
            180,
            185,
            190,
            195,
            200
        ],
        "current": [
            5e-07,
            0.13329,
            0.08091,
            0.08503,
            0.08762,
            0.08962,
            0.09128,
            0.09278,
            0.09424,
            0.09562000000000001,
            0.09675,
            0.0972,
            0.09747,
            0.09798,
            0.09856000000000001,
            0.09922,
            0.09992999999999999,
            0.10064000000000001,
            0.10136,
            0.10209,
            0.10285,
            0.1046,
            0.12247000000000001,
            0.10252,
            0.10536,
            0.10979000000000001,
            0.10733999999999999,
            0.1089,
            0.10835,
            0.1126,
            0.11143,
            0.11116999999999999,
            0.11263,
            0.11739,
            0.1165,
            0.11649000000000001,
            0.1191,
            0.12206,
            0.12164,
            0.12314,
            0.12146
        ],
        "sigma current": [],
        "temperature": [],
        "humidity": []
    },
    "IV_IMG": [],
    "LEAK_CURRENT": 0.10252,
    "MAXIMUM_VOLTAGE": 200,
    "NO_BREAKDOWN_VOLTAGE_OBSERVED": true
}