{
    "properties": {
        "ANALYSIS_VERSION": "450ffd4c",
        "HUM": 0,
        "TEMP": 20
    },
    "BREAKDOWN_VOLTAGE": -999,
    "IV_ARRAY": {
        "time": [
            0,
            2,
            4,
            6,
            8,
            10,
            12,
            14,
            16,
            18,
            20,
            22,
            24,
            26,
            28,
            30,
            32,
            34,
            36,
            38,
            40,
            42,
            44,
            46,
            48,
            50,
            52,
            54,
            56,
            58,
            60,
            62,
            64,
            66,
            68,
            70,
            72,
            74,
            76,
            78,
            80
        ],
        "voltage": [
            0,
            5,
            10,
            15,
            20,
            25,
            30,
            35,
            40,
            45,
            50,
            55,
            60,
            65,
            70,
            75,
            80,
            85,
            90,
            95,
            100,
            105,
            110,
            115,
            120,
            125,
            130,
            135,
            140,
            145,
            150,
            155,
            160,
            165,
            170,
            175,
            180,
            185,
            190,
            195,
            200
        ],
        "current": [
            0,
            0.11421,
            0.07302,
            0.0768,
            0.07942,
            0.08153,
            0.08333,
            0.08489000000000001,
            0.08669,
            0.08792,
            0.08902,
            0.08996000000000001,
            0.09087,
            0.09165000000000001,
            0.09251,
            0.09335,
            0.09419999999999999,
            0.09504,
            0.09588999999999999,
            0.09674,
            0.09759,
            0.09902,
            0.09975,
            0.10054,
            0.10095,
            0.10181,
            0.1027,
            0.10362,
            0.10456,
            0.10555,
            0.10657,
            0.10764,
            0.10876,
            0.10991999999999999,
            0.11114,
            0.11241999999999999,
            0.11374999999999999,
            0.11515,
            0.11660999999999999,
            0.11813,
            0.11972
        ],
        "sigma current": [],
        "temperature": [],
        "humidity": []
    },
    "IV_IMG": [],
    "LEAK_CURRENT": 0.10054,
    "MAXIMUM_VOLTAGE": 200,
    "NO_BREAKDOWN_VOLTAGE_OBSERVED": true
}