{
    "properties": {
        "ANALYSIS_VERSION": "450ffd4c",
        "HUM": 0,
        "TEMP": 20
    },
    "BREAKDOWN_VOLTAGE": -999,
    "IV_ARRAY": {
        "time": [
            0,
            2,
            4,
            6,
            8,
            10,
            12,
            14,
            16,
            18,
            20,
            22,
            24,
            26,
            28,
            30,
            32,
            34,
            36,
            38,
            40,
            42,
            44,
            46,
            48,
            50,
            52,
            54,
            56,
            58,
            60,
            62,
            64,
            66,
            68,
            70,
            72,
            74,
            76,
            78,
            80
        ],
        "voltage": [
            0,
            5,
            10,
            15,
            20,
            25,
            30,
            35,
            40,
            45,
            50,
            55,
            60,
            65,
            70,
            75,
            80,
            85,
            90,
            95,
            100,
            105,
            110,
            115,
            120,
            125,
            130,
            135,
            140,
            145,
            150,
            155,
            160,
            165,
            170,
            175,
            180,
            185,
            190,
            195,
            200
        ],
        "current": [
            4.0000000000000003e-07,
            0.09636,
            0.08281999999999999,
            0.08707999999999999,
            0.08965,
            0.09158000000000001,
            0.09312000000000001,
            0.09441999999999999,
            0.09559,
            0.09667,
            0.0976,
            0.09809999999999999,
            0.09867999999999999,
            0.09921,
            0.09978,
            0.10039000000000001,
            0.101,
            0.10163,
            0.1023,
            0.10299,
            0.10371,
            0.10602,
            0.1064,
            0.10693000000000001,
            0.10756,
            0.10823999999999999,
            0.10897,
            0.10973000000000001,
            0.11055,
            0.1114,
            0.11233,
            0.11329,
            0.11433,
            0.11542999999999999,
            0.11658,
            0.11778999999999999,
            0.11905,
            0.12037000000000002,
            0.12174999999999998,
            0.12319000000000001,
            0.12469999999999999
        ],
        "sigma current": [],
        "temperature": [],
        "humidity": []
    },
    "IV_IMG": [],
    "LEAK_CURRENT": 0.10693000000000001,
    "MAXIMUM_VOLTAGE": 200,
    "NO_BREAKDOWN_VOLTAGE_OBSERVED": true
}