{
    "properties": {
        "ANALYSIS_VERSION": "450ffd4c",
        "HUM": 0,
        "TEMP": 20
    },
    "BREAKDOWN_VOLTAGE": -999,
    "IV_ARRAY": {
        "time": [
            0,
            2,
            4,
            6,
            8,
            10,
            12,
            14,
            16,
            18,
            20,
            22,
            24,
            26,
            28,
            30,
            32,
            34,
            36,
            38,
            40,
            42,
            44,
            46,
            48,
            50,
            52,
            54,
            56,
            58,
            60,
            62,
            64,
            66,
            68,
            70,
            72,
            74,
            76,
            78,
            80
        ],
        "voltage": [
            0,
            5,
            10,
            15,
            20,
            25,
            30,
            35,
            40,
            45,
            50,
            55,
            60,
            65,
            70,
            75,
            80,
            85,
            90,
            95,
            100,
            105,
            110,
            115,
            120,
            125,
            130,
            135,
            140,
            145,
            150,
            155,
            160,
            165,
            170,
            175,
            180,
            185,
            190,
            195,
            200
        ],
        "current": [
            2.0000000000000002e-07,
            0.08462,
            0.07402,
            0.07754000000000001,
            0.07991000000000001,
            0.08181000000000001,
            0.08345,
            0.08503,
            0.08654,
            0.08793,
            0.08904,
            0.08972,
            0.09034,
            0.09109,
            0.09187000000000001,
            0.09264,
            0.09339,
            0.09412,
            0.09485,
            0.09559999999999999,
            0.09634,
            0.09787,
            0.09849000000000001,
            0.09919,
            0.09996000000000001,
            0.10076,
            0.1016,
            0.10249,
            0.10342,
            0.10439,
            0.10541,
            0.10647999999999999,
            0.1076,
            0.10879,
            0.11003,
            0.11133,
            0.11269,
            0.11410999999999999,
            0.11560000000000001,
            0.11716,
            0.11877
        ],
        "sigma current": [],
        "temperature": [],
        "humidity": []
    },
    "IV_IMG": [],
    "LEAK_CURRENT": 0.09919,
    "MAXIMUM_VOLTAGE": 200,
    "NO_BREAKDOWN_VOLTAGE_OBSERVED": true
}