{
    "properties": {
        "ANALYSIS_VERSION": "450ffd4c",
        "HUM": 0,
        "TEMP": 20
    },
    "BREAKDOWN_VOLTAGE": -999,
    "IV_ARRAY": {
        "time": [
            0,
            2,
            4,
            6,
            8,
            10,
            12,
            14,
            16,
            18,
            20,
            22,
            24,
            26,
            28,
            30,
            32,
            34,
            36,
            38,
            40,
            42,
            44,
            46,
            48,
            50,
            52,
            54,
            56,
            58,
            60,
            62,
            64,
            66,
            68,
            70,
            72,
            74,
            76,
            78,
            80
        ],
        "voltage": [
            0,
            5,
            10,
            15,
            20,
            25,
            30,
            35,
            40,
            45,
            50,
            55,
            60,
            65,
            70,
            75,
            80,
            85,
            90,
            95,
            100,
            105,
            110,
            115,
            120,
            125,
            130,
            135,
            140,
            145,
            150,
            155,
            160,
            165,
            170,
            175,
            180,
            185,
            190,
            195,
            200
        ],
        "current": [
            2.0000000000000002e-07,
            0.10506,
            0.07413,
            0.07866000000000001,
            0.08134999999999999,
            0.08353,
            0.08539,
            0.08707999999999999,
            0.08868999999999999,
            0.09026,
            0.09157,
            0.09247,
            0.09284,
            0.09351,
            0.09424,
            0.09496,
            0.09565,
            0.09633,
            0.09701000000000001,
            0.09772,
            0.09844,
            0.09973,
            0.10043,
            0.10117,
            0.10196,
            0.10279999999999999,
            0.10368999999999999,
            0.10463,
            0.10563,
            0.10669,
            0.10781,
            0.10899,
            0.11024,
            0.11157,
            0.11297,
            0.11445,
            0.11602,
            0.11767,
            0.11939999999999999,
            0.12123,
            0.12314
        ],
        "sigma current": [],
        "temperature": [],
        "humidity": []
    },
    "IV_IMG": [],
    "LEAK_CURRENT": 0.10117,
    "MAXIMUM_VOLTAGE": 200,
    "NO_BREAKDOWN_VOLTAGE_OBSERVED": true
}