{
    "properties": {
        "ANALYSIS_VERSION": "450ffd4c",
        "HUM": 0,
        "TEMP": 20
    },
    "BREAKDOWN_VOLTAGE": -999,
    "IV_ARRAY": {
        "time": [
            0,
            2,
            4,
            6,
            8,
            10,
            12,
            14,
            16,
            18,
            20,
            22,
            24,
            26,
            28,
            30,
            32,
            34,
            36,
            38,
            40,
            42,
            44,
            46,
            48,
            50,
            52,
            54,
            56,
            58,
            60,
            62,
            64,
            66,
            68,
            70,
            72,
            74,
            76,
            78,
            80
        ],
        "voltage": [
            0,
            5,
            10,
            15,
            20,
            25,
            30,
            35,
            40,
            45,
            50,
            55,
            60,
            65,
            70,
            75,
            80,
            85,
            90,
            95,
            100,
            105,
            110,
            115,
            120,
            125,
            130,
            135,
            140,
            145,
            150,
            155,
            160,
            165,
            170,
            175,
            180,
            185,
            190,
            195,
            200
        ],
        "current": [
            4.7e-06,
            0.09867999999999999,
            0.08457999999999999,
            0.08837,
            0.09055,
            0.09211,
            0.09331,
            0.09436,
            0.09530999999999999,
            0.09618,
            0.09692999999999999,
            0.09753,
            0.09804,
            0.09852,
            0.09901,
            0.09954,
            0.10007999999999999,
            0.10066,
            0.10127000000000001,
            0.1019,
            0.10256,
            0.10509,
            0.10526,
            0.10569,
            0.10627,
            0.10689,
            0.10758,
            0.1083,
            0.10908,
            0.10991,
            0.1108,
            0.11176,
            0.11277,
            0.11384000000000001,
            0.11496,
            0.11613,
            0.11736,
            0.11866,
            0.12001,
            0.12143,
            0.12291999999999999
        ],
        "sigma current": [],
        "temperature": [],
        "humidity": []
    },
    "IV_IMG": [],
    "LEAK_CURRENT": 0.10569,
    "MAXIMUM_VOLTAGE": 200,
    "NO_BREAKDOWN_VOLTAGE_OBSERVED": true
}