{
    "properties": {
        "ANALYSIS_VERSION": "450ffd4c",
        "HUM": 0,
        "TEMP": 20
    },
    "BREAKDOWN_VOLTAGE": -999,
    "IV_ARRAY": {
        "time": [
            0,
            2,
            4,
            6,
            8,
            10,
            12,
            14,
            16,
            18,
            20,
            22,
            24,
            26,
            28,
            30,
            32,
            34,
            36,
            38,
            40,
            42,
            44,
            46,
            48,
            50,
            52,
            54,
            56,
            58,
            60,
            62,
            64,
            66,
            68,
            70,
            72,
            74,
            76,
            78,
            80
        ],
        "voltage": [
            0,
            5,
            10,
            15,
            20,
            25,
            30,
            35,
            40,
            45,
            50,
            55,
            60,
            65,
            70,
            75,
            80,
            85,
            90,
            95,
            100,
            105,
            110,
            115,
            120,
            125,
            130,
            135,
            140,
            145,
            150,
            155,
            160,
            165,
            170,
            175,
            180,
            185,
            190,
            195,
            200
        ],
        "current": [
            5e-07,
            0.09519,
            0.07007000000000001,
            0.07394,
            0.07677,
            0.07918,
            0.08134,
            0.08333,
            0.0852,
            0.08674,
            0.08824,
            0.08918,
            0.0901,
            0.09087,
            0.09158000000000001,
            0.09195,
            0.09412999999999999,
            0.09496,
            0.09579,
            0.0906,
            0.0991,
            0.09845,
            0.09929,
            0.10013,
            0.10096,
            0.10177,
            0.10260000000000001,
            0.10345,
            0.10432999999999999,
            0.10524,
            0.10619,
            0.10718,
            0.10778,
            0.1085,
            0.11052,
            0.11173999999999999,
            0.11304,
            0.1144,
            0.11582,
            0.11731,
            0.11887
        ],
        "sigma current": [],
        "temperature": [],
        "humidity": []
    },
    "IV_IMG": [],
    "LEAK_CURRENT": 0.10013,
    "MAXIMUM_VOLTAGE": 200,
    "NO_BREAKDOWN_VOLTAGE_OBSERVED": true
}