{
    "properties": {
        "ANALYSIS_VERSION": "450ffd4c",
        "HUM": 0,
        "TEMP": 20
    },
    "BREAKDOWN_VOLTAGE": -999,
    "IV_ARRAY": {
        "time": [
            0,
            2,
            4,
            6,
            8,
            10,
            12,
            14,
            16,
            18,
            20,
            22,
            24,
            26,
            28,
            30,
            32,
            34,
            36,
            38,
            40,
            42,
            44,
            46,
            48,
            50,
            52,
            54,
            56,
            58,
            60,
            62,
            64,
            66,
            68,
            70,
            72,
            74,
            76,
            78,
            80
        ],
        "voltage": [
            0,
            5,
            10,
            15,
            20,
            25,
            30,
            35,
            40,
            45,
            50,
            55,
            60,
            65,
            70,
            75,
            80,
            85,
            90,
            95,
            100,
            105,
            110,
            115,
            120,
            125,
            130,
            135,
            140,
            145,
            150,
            155,
            160,
            165,
            170,
            175,
            180,
            185,
            190,
            195,
            200
        ],
        "current": [
            2.0000000000000002e-07,
            0.08173000000000001,
            0.07284,
            0.07694,
            0.07971,
            0.08196,
            0.0839,
            0.08567,
            0.08735,
            0.08902,
            0.0906,
            0.09199,
            0.09285,
            0.09303,
            0.09376,
            0.09464,
            0.09549,
            0.09635,
            0.09723000000000001,
            0.09809999999999999,
            0.09898,
            0.10035999999999999,
            0.10116,
            0.10196,
            0.10279999999999999,
            0.10367,
            0.10455,
            0.10546000000000001,
            0.1064,
            0.10737000000000001,
            0.10837,
            0.10942,
            0.11051,
            0.11165,
            0.11284,
            0.11409,
            0.11539,
            0.11674999999999999,
            0.11817000000000001,
            0.11964999999999999,
            0.12118999999999999
        ],
        "sigma current": [],
        "temperature": [],
        "humidity": []
    },
    "IV_IMG": [],
    "LEAK_CURRENT": 0.10196,
    "MAXIMUM_VOLTAGE": 200,
    "NO_BREAKDOWN_VOLTAGE_OBSERVED": true
}