{
    "properties": {
        "ANALYSIS_VERSION": "450ffd4c",
        "HUM": 0,
        "TEMP": 20
    },
    "BREAKDOWN_VOLTAGE": -999,
    "IV_ARRAY": {
        "time": [
            0,
            2,
            4,
            6,
            8,
            10,
            12,
            14,
            16,
            18,
            20,
            22,
            24,
            26,
            28,
            30,
            32,
            34,
            36,
            38,
            40,
            42,
            44,
            46,
            48,
            50,
            52,
            54,
            56,
            58,
            60,
            62,
            64,
            66,
            68,
            70,
            72,
            74,
            76,
            78,
            80
        ],
        "voltage": [
            0,
            5,
            10,
            15,
            20,
            25,
            30,
            35,
            40,
            45,
            50,
            55,
            60,
            65,
            70,
            75,
            80,
            85,
            90,
            95,
            100,
            105,
            110,
            115,
            120,
            125,
            130,
            135,
            140,
            145,
            150,
            155,
            160,
            165,
            170,
            175,
            180,
            185,
            190,
            195,
            200
        ],
        "current": [
            3e-07,
            0.07858000000000001,
            0.06868,
            0.07244,
            0.07509,
            0.07728,
            0.07919999999999999,
            0.08095,
            0.08261,
            0.08408,
            0.08533,
            0.08644,
            0.08747,
            0.08842,
            0.08931,
            0.09019,
            0.09108000000000001,
            0.09199,
            0.09292,
            0.09385,
            0.09479,
            0.09602999999999999,
            0.09691999999999999,
            0.09782,
            0.09873,
            0.09965,
            0.10059,
            0.10153,
            0.10250999999999999,
            0.10351,
            0.10456,
            0.10564,
            0.10678,
            0.10796,
            0.10919999999999999,
            0.11049,
            0.11185,
            0.11326,
            0.11474,
            0.11629,
            0.11789000000000001
        ],
        "sigma current": [],
        "temperature": [],
        "humidity": []
    },
    "IV_IMG": [],
    "LEAK_CURRENT": 0.09782,
    "MAXIMUM_VOLTAGE": 200,
    "NO_BREAKDOWN_VOLTAGE_OBSERVED": true
}