{
    "properties": {
        "ANALYSIS_VERSION": "450ffd4c",
        "HUM": 0,
        "TEMP": 20
    },
    "BREAKDOWN_VOLTAGE": -999,
    "IV_ARRAY": {
        "time": [
            0,
            2,
            4,
            6,
            8,
            10,
            12,
            14,
            16,
            18,
            20,
            22,
            24,
            26,
            28,
            30,
            32,
            34,
            36,
            38,
            40,
            42,
            44,
            46,
            48,
            50,
            52,
            54,
            56,
            58,
            60,
            62,
            64,
            66,
            68,
            70,
            72,
            74,
            76,
            78,
            80
        ],
        "voltage": [
            0,
            5,
            10,
            15,
            20,
            25,
            30,
            35,
            40,
            45,
            50,
            55,
            60,
            65,
            70,
            75,
            80,
            85,
            90,
            95,
            100,
            105,
            110,
            115,
            120,
            125,
            130,
            135,
            140,
            145,
            150,
            155,
            160,
            165,
            170,
            175,
            180,
            185,
            190,
            195,
            200
        ],
        "current": [
            5e-07,
            0.07973,
            0.07065,
            0.07458999999999999,
            0.07749,
            0.07993,
            0.08212,
            0.08416,
            0.08603999999999999,
            0.08767,
            0.08899,
            0.09012,
            0.09115000000000001,
            0.09211,
            0.09301999999999999,
            0.09387000000000001,
            0.09469,
            0.0955,
            0.0963,
            0.0971,
            0.0979,
            0.09895,
            0.09978999999999999,
            0.10062,
            0.10145,
            0.10227,
            0.1031,
            0.10396,
            0.10484,
            0.10575000000000001,
            0.10671,
            0.10771,
            0.10877,
            0.10989,
            0.11106,
            0.11229,
            0.11359,
            0.11495,
            0.11638,
            0.11788,
            0.11943000000000001
        ],
        "sigma current": [],
        "temperature": [],
        "humidity": []
    },
    "IV_IMG": [],
    "LEAK_CURRENT": 0.10062,
    "MAXIMUM_VOLTAGE": 200,
    "NO_BREAKDOWN_VOLTAGE_OBSERVED": true
}