{
    "properties": {
        "ANALYSIS_VERSION": "450ffd4c",
        "HUM": 0,
        "TEMP": 20
    },
    "BREAKDOWN_VOLTAGE": -999,
    "IV_ARRAY": {
        "time": [
            0,
            2,
            4,
            6,
            8,
            10,
            12,
            14,
            16,
            18,
            20,
            22,
            24,
            26,
            28,
            30,
            32,
            34,
            36,
            38,
            40,
            42,
            44,
            46,
            48,
            50,
            52,
            54,
            56,
            58,
            60,
            62,
            64,
            66,
            68,
            70,
            72,
            74,
            76,
            78,
            80
        ],
        "voltage": [
            0,
            5,
            10,
            15,
            20,
            25,
            30,
            35,
            40,
            45,
            50,
            55,
            60,
            65,
            70,
            75,
            80,
            85,
            90,
            95,
            100,
            105,
            110,
            115,
            120,
            125,
            130,
            135,
            140,
            145,
            150,
            155,
            160,
            165,
            170,
            175,
            180,
            185,
            190,
            195,
            200
        ],
        "current": [
            4.1e-06,
            0.09901,
            0.08461,
            0.08791,
            0.08977,
            0.09117,
            0.09231,
            0.0933,
            0.09419,
            0.095,
            0.09566999999999999,
            0.09623999999999999,
            0.09672,
            0.0972,
            0.09773,
            0.0983,
            0.09888,
            0.09951,
            0.10019,
            0.10091,
            0.10166,
            0.10427,
            0.10443000000000001,
            0.10490000000000001,
            0.10553000000000001,
            0.10624,
            0.10698999999999999,
            0.10779999999999999,
            0.10865,
            0.10955999999999999,
            0.11055,
            0.11159,
            0.11268,
            0.11381,
            0.11499,
            0.11624,
            0.11754,
            0.1189,
            0.12034,
            0.12184000000000002,
            0.12339
        ],
        "sigma current": [],
        "temperature": [],
        "humidity": []
    },
    "IV_IMG": [],
    "LEAK_CURRENT": 0.10490000000000001,
    "MAXIMUM_VOLTAGE": 200,
    "NO_BREAKDOWN_VOLTAGE_OBSERVED": true
}