{
    "properties": {
        "ANALYSIS_VERSION": "450ffd4c",
        "HUM": 0,
        "TEMP": 20
    },
    "BREAKDOWN_VOLTAGE": -999,
    "IV_ARRAY": {
        "time": [
            0,
            2,
            4,
            6,
            8,
            10,
            12,
            14,
            16,
            18,
            20,
            22,
            24,
            26,
            28,
            30,
            32,
            34,
            36,
            38,
            40,
            42,
            44,
            46,
            48,
            50,
            52,
            54,
            56,
            58,
            60,
            62,
            64,
            66,
            68,
            70,
            72,
            74,
            76,
            78,
            80
        ],
        "voltage": [
            0,
            5,
            10,
            15,
            20,
            25,
            30,
            35,
            40,
            45,
            50,
            55,
            60,
            65,
            70,
            75,
            80,
            85,
            90,
            95,
            100,
            105,
            110,
            115,
            120,
            125,
            130,
            135,
            140,
            145,
            150,
            155,
            160,
            165,
            170,
            175,
            180,
            185,
            190,
            195,
            200
        ],
        "current": [
            1.0000000000000001e-07,
            0.08764999999999999,
            0.07785,
            0.08211,
            0.08489000000000001,
            0.08806,
            0.08985,
            0.09144000000000001,
            0.09296,
            0.09459000000000001,
            0.0959,
            0.09679,
            0.09743,
            0.0979,
            0.09867999999999999,
            0.09949,
            0.10023,
            0.10102,
            0.10179,
            0.10257,
            0.10334,
            0.10379000000000001,
            0.10443000000000001,
            0.10516,
            0.10596,
            0.1068,
            0.10767,
            0.10857,
            0.1095,
            0.11046,
            0.11145999999999999,
            0.11249999999999999,
            0.11359,
            0.11474,
            0.11594,
            0.1172,
            0.11852,
            0.11990999999999999,
            0.12135000000000001,
            0.12286,
            0.12443000000000001
        ],
        "sigma current": [],
        "temperature": [],
        "humidity": []
    },
    "IV_IMG": [],
    "LEAK_CURRENT": 0.10516,
    "MAXIMUM_VOLTAGE": 200,
    "NO_BREAKDOWN_VOLTAGE_OBSERVED": true
}