{
    "properties": {
        "ANALYSIS_VERSION": "450ffd4c",
        "HUM": 0,
        "TEMP": 20
    },
    "BREAKDOWN_VOLTAGE": -999,
    "IV_ARRAY": {
        "time": [
            0,
            2,
            4,
            6,
            8,
            10,
            12,
            14,
            16,
            18,
            20,
            22,
            24,
            26,
            28,
            30,
            32,
            34,
            36,
            38,
            40,
            42,
            44,
            46,
            48,
            50,
            52,
            54,
            56,
            58,
            60,
            62,
            64,
            66,
            68,
            70,
            72,
            74,
            76,
            78,
            80
        ],
        "voltage": [
            0,
            5,
            10,
            15,
            20,
            25,
            30,
            35,
            40,
            45,
            50,
            55,
            60,
            65,
            70,
            75,
            80,
            85,
            90,
            95,
            100,
            105,
            110,
            115,
            120,
            125,
            130,
            135,
            140,
            145,
            150,
            155,
            160,
            165,
            170,
            175,
            180,
            185,
            190,
            195,
            200
        ],
        "current": [
            4.4e-06,
            0.11370000000000001,
            0.07935,
            0.08331,
            0.08589999999999999,
            0.08794,
            0.08967,
            0.09125,
            0.09277,
            0.09427999999999999,
            0.09562000000000001,
            0.09636,
            0.09662,
            0.09697,
            0.09756,
            0.09828,
            0.099,
            0.09971999999999999,
            0.10045,
            0.10116,
            0.10191,
            0.10359,
            0.10411,
            0.10473,
            0.10543999999999999,
            0.10618,
            0.10697,
            0.10779,
            0.10865999999999999,
            0.10957,
            0.11053,
            0.11154,
            0.11259000000000001,
            0.11370000000000001,
            0.11487,
            0.1161,
            0.11738,
            0.11873,
            0.12013999999999998,
            0.12160999999999998,
            0.12314
        ],
        "sigma current": [],
        "temperature": [],
        "humidity": []
    },
    "IV_IMG": [],
    "LEAK_CURRENT": 0.10473,
    "MAXIMUM_VOLTAGE": 200,
    "NO_BREAKDOWN_VOLTAGE_OBSERVED": true
}