{
    "properties": {
        "ANALYSIS_VERSION": "450ffd4c",
        "HUM": 0,
        "TEMP": 20
    },
    "BREAKDOWN_VOLTAGE": -999,
    "IV_ARRAY": {
        "time": [
            0,
            2,
            4,
            6,
            8,
            10,
            12,
            14,
            16,
            18,
            20,
            22,
            24,
            26,
            28,
            30,
            32,
            34,
            36,
            38,
            40,
            42,
            44,
            46,
            48,
            50,
            52,
            54,
            56,
            58,
            60,
            62,
            64,
            66,
            68,
            70,
            72,
            74,
            76,
            78,
            80
        ],
        "voltage": [
            0,
            5,
            10,
            15,
            20,
            25,
            30,
            35,
            40,
            45,
            50,
            55,
            60,
            65,
            70,
            75,
            80,
            85,
            90,
            95,
            100,
            105,
            110,
            115,
            120,
            125,
            130,
            135,
            140,
            145,
            150,
            155,
            160,
            165,
            170,
            175,
            180,
            185,
            190,
            195,
            200
        ],
        "current": [
            1.0000000000000001e-07,
            0.09389,
            0.08305000000000001,
            0.0878,
            0.09092,
            0.09333,
            0.09535,
            0.09715,
            0.09883,
            0.10043,
            0.10192,
            0.10324,
            0.10407000000000001,
            0.10428000000000001,
            0.10499,
            0.10582,
            0.10668,
            0.10758,
            0.1085,
            0.1094,
            0.11028,
            0.1119,
            0.11262,
            0.11339,
            0.11424999999999999,
            0.11519,
            0.11613,
            0.1171,
            0.11810000000000001,
            0.11914,
            0.12020999999999998,
            0.12134,
            0.12251999999999999,
            0.12373999999999999,
            0.12502,
            0.12636,
            0.12776,
            0.12923,
            0.13075,
            0.13234,
            0.13399
        ],
        "sigma current": [],
        "temperature": [],
        "humidity": []
    },
    "IV_IMG": [],
    "LEAK_CURRENT": 0.11339,
    "MAXIMUM_VOLTAGE": 200,
    "NO_BREAKDOWN_VOLTAGE_OBSERVED": true
}