{
    "properties": {
        "ANALYSIS_VERSION": "450ffd4c",
        "HUM": 0,
        "TEMP": 20
    },
    "BREAKDOWN_VOLTAGE": -999,
    "IV_ARRAY": {
        "time": [
            0,
            2,
            4,
            6,
            8,
            10,
            12,
            14,
            16,
            18,
            20,
            22,
            24,
            26,
            28,
            30,
            32,
            34,
            36,
            38,
            40,
            42,
            44,
            46,
            48,
            50,
            52,
            54,
            56,
            58,
            60,
            62,
            64,
            66,
            68,
            70,
            72,
            74,
            76,
            78,
            80
        ],
        "voltage": [
            0,
            5,
            10,
            15,
            20,
            25,
            30,
            35,
            40,
            45,
            50,
            55,
            60,
            65,
            70,
            75,
            80,
            85,
            90,
            95,
            100,
            105,
            110,
            115,
            120,
            125,
            130,
            135,
            140,
            145,
            150,
            155,
            160,
            165,
            170,
            175,
            180,
            185,
            190,
            195,
            200
        ],
        "current": [
            5e-07,
            0.08357,
            0.07367,
            0.07758999999999999,
            0.08041000000000001,
            0.08279,
            0.08491,
            0.08692,
            0.08890999999999999,
            0.09067,
            0.0921,
            0.09308999999999999,
            0.09334,
            0.09396,
            0.09469999999999999,
            0.09541000000000001,
            0.09611,
            0.09681000000000001,
            0.09751,
            0.09821,
            0.09893,
            0.1002,
            0.10088,
            0.10158,
            0.1023,
            0.10304,
            0.10381,
            0.10461,
            0.10544999999999999,
            0.10634,
            0.10726999999999999,
            0.10826000000000001,
            0.10932,
            0.11043,
            0.11161,
            0.11284999999999999,
            0.11416,
            0.11553000000000001,
            0.11698,
            0.11849,
            0.12008
        ],
        "sigma current": [],
        "temperature": [],
        "humidity": []
    },
    "IV_IMG": [],
    "LEAK_CURRENT": 0.10088,
    "MAXIMUM_VOLTAGE": 200,
    "NO_BREAKDOWN_VOLTAGE_OBSERVED": true
}