{
    "properties": {
        "ANALYSIS_VERSION": "450ffd4c",
        "HUM": 0,
        "TEMP": 20
    },
    "BREAKDOWN_VOLTAGE": -999,
    "IV_ARRAY": {
        "time": [
            0,
            2,
            4,
            6,
            8,
            10,
            12,
            14,
            16,
            18,
            20,
            22,
            24,
            26,
            28,
            30,
            32,
            34,
            36,
            38,
            40,
            42,
            44,
            46,
            48,
            50,
            52,
            54,
            56,
            58,
            60,
            62,
            64,
            66,
            68,
            70,
            72,
            74,
            76,
            78,
            80
        ],
        "voltage": [
            0,
            5,
            10,
            15,
            20,
            25,
            30,
            35,
            40,
            45,
            50,
            55,
            60,
            65,
            70,
            75,
            80,
            85,
            90,
            95,
            100,
            105,
            110,
            115,
            120,
            125,
            130,
            135,
            140,
            145,
            150,
            155,
            160,
            165,
            170,
            175,
            180,
            185,
            190,
            195,
            200
        ],
        "current": [
            2.0000000000000002e-07,
            0.08638,
            0.07533,
            0.07886,
            0.08126,
            0.08317999999999999,
            0.08487,
            0.08645,
            0.08797,
            0.08940000000000001,
            0.09055,
            0.091,
            0.09151000000000001,
            0.09212,
            0.09279,
            0.09348000000000001,
            0.09416000000000001,
            0.09483,
            0.0955,
            0.09619,
            0.09689,
            0.09842000000000001,
            0.09895,
            0.09956999999999999,
            0.10027,
            0.10101,
            0.10181,
            0.10263,
            0.1035,
            0.10441,
            0.10536,
            0.10637,
            0.10743,
            0.10855000000000001,
            0.10972000000000001,
            0.11095999999999999,
            0.11226,
            0.11362,
            0.11505,
            0.11653999999999999,
            0.11810000000000001
        ],
        "sigma current": [],
        "temperature": [],
        "humidity": []
    },
    "IV_IMG": [],
    "LEAK_CURRENT": 0.09956999999999999,
    "MAXIMUM_VOLTAGE": 200,
    "NO_BREAKDOWN_VOLTAGE_OBSERVED": true
}