{
    "properties": {
        "ANALYSIS_VERSION": "450ffd4c",
        "HUM": 0,
        "TEMP": 20
    },
    "BREAKDOWN_VOLTAGE": -999,
    "IV_ARRAY": {
        "time": [
            0,
            2,
            4,
            6,
            8,
            10,
            12,
            14,
            16,
            18,
            20,
            22,
            24,
            26,
            28,
            30,
            32,
            34,
            36,
            38,
            40,
            42,
            44,
            46,
            48,
            50,
            52,
            54,
            56,
            58,
            60,
            62,
            64,
            66,
            68,
            70,
            72,
            74,
            76,
            78,
            80
        ],
        "voltage": [
            0,
            5,
            10,
            15,
            20,
            25,
            30,
            35,
            40,
            45,
            50,
            55,
            60,
            65,
            70,
            75,
            80,
            85,
            90,
            95,
            100,
            105,
            110,
            115,
            120,
            125,
            130,
            135,
            140,
            145,
            150,
            155,
            160,
            165,
            170,
            175,
            180,
            185,
            190,
            195,
            200
        ],
        "current": [
            5e-07,
            0.09574999999999999,
            0.07511,
            0.07942,
            0.08224,
            0.08514,
            0.0865,
            0.08817,
            0.08967,
            0.09104999999999999,
            0.09228,
            0.09329,
            0.09418,
            0.09498,
            0.0958,
            0.09664,
            0.09745000000000001,
            0.09824999999999999,
            0.09905,
            0.09985,
            0.10064000000000001,
            0.10235,
            0.10304,
            0.1037,
            0.10444,
            0.10522,
            0.10603,
            0.10688,
            0.10775,
            0.10865999999999999,
            0.10961,
            0.1106,
            0.11165,
            0.11276,
            0.11391000000000001,
            0.11513,
            0.1164,
            0.11775000000000001,
            0.11913,
            0.12061,
            0.12214000000000001
        ],
        "sigma current": [],
        "temperature": [],
        "humidity": []
    },
    "IV_IMG": [],
    "LEAK_CURRENT": 0.1037,
    "MAXIMUM_VOLTAGE": 200,
    "NO_BREAKDOWN_VOLTAGE_OBSERVED": true
}