{
    "properties": {
        "ANALYSIS_VERSION": "450ffd4c",
        "HUM": 0,
        "TEMP": 20
    },
    "BREAKDOWN_VOLTAGE": -999,
    "IV_ARRAY": {
        "time": [
            0,
            2,
            4,
            6,
            8,
            10,
            12,
            14,
            16,
            18,
            20,
            22,
            24,
            26,
            28,
            30,
            32,
            34,
            36,
            38,
            40,
            42,
            44,
            46,
            48,
            50,
            52,
            54,
            56,
            58,
            60,
            62,
            64,
            66,
            68,
            70,
            72,
            74,
            76,
            78,
            80
        ],
        "voltage": [
            0,
            5,
            10,
            15,
            20,
            25,
            30,
            35,
            40,
            45,
            50,
            55,
            60,
            65,
            70,
            75,
            80,
            85,
            90,
            95,
            100,
            105,
            110,
            115,
            120,
            125,
            130,
            135,
            140,
            145,
            150,
            155,
            160,
            165,
            170,
            175,
            180,
            185,
            190,
            195,
            200
        ],
        "current": [
            5e-07,
            0.08688,
            0.07623,
            0.08011,
            0.08281999999999999,
            0.08505,
            0.08705,
            0.08890999999999999,
            0.09064,
            0.09226,
            0.09356,
            0.09436,
            0.09453,
            0.09505,
            0.09572,
            0.09641,
            0.09711,
            0.09782,
            0.09851,
            0.09919,
            0.09989,
            0.10148,
            0.10203,
            0.10264,
            0.10331,
            0.10401,
            0.10475,
            0.10553000000000001,
            0.10635,
            0.10722000000000001,
            0.10815,
            0.10912,
            0.11016000000000001,
            0.11126000000000001,
            0.11241,
            0.11364,
            0.11493,
            0.11628000000000001,
            0.1177,
            0.11918999999999999,
            0.12074000000000001
        ],
        "sigma current": [],
        "temperature": [],
        "humidity": []
    },
    "IV_IMG": [],
    "LEAK_CURRENT": 0.10264,
    "MAXIMUM_VOLTAGE": 200,
    "NO_BREAKDOWN_VOLTAGE_OBSERVED": true
}