{
    "properties": {
        "ANALYSIS_VERSION": "450ffd4c",
        "HUM": 0,
        "TEMP": 20
    },
    "BREAKDOWN_VOLTAGE": -999,
    "IV_ARRAY": {
        "time": [
            0,
            2,
            4,
            6,
            8,
            10,
            12,
            14,
            16,
            18,
            20,
            22,
            24,
            26,
            28,
            30,
            32,
            34,
            36,
            38,
            40,
            42,
            44,
            46,
            48,
            50,
            52,
            54,
            56,
            58,
            60,
            62,
            64,
            66,
            68,
            70,
            72,
            74,
            76,
            78,
            80
        ],
        "voltage": [
            0,
            5,
            10,
            15,
            20,
            25,
            30,
            35,
            40,
            45,
            50,
            55,
            60,
            65,
            70,
            75,
            80,
            85,
            90,
            95,
            100,
            105,
            110,
            115,
            120,
            125,
            130,
            135,
            140,
            145,
            150,
            155,
            160,
            165,
            170,
            175,
            180,
            185,
            190,
            195,
            200
        ],
        "current": [
            2.0000000000000002e-07,
            0.08184,
            0.07221,
            0.07602,
            0.07867,
            0.08084,
            0.08273,
            0.08445000000000001,
            0.08609,
            0.08761000000000001,
            0.08895,
            0.0901,
            0.09072,
            0.09152,
            0.09242,
            0.09325,
            0.09408000000000001,
            0.09491,
            0.09573,
            0.09657,
            0.09741,
            0.09874,
            0.09954,
            0.1004,
            0.1013,
            0.10226,
            0.10325,
            0.10431,
            0.10541,
            0.10659,
            0.10783,
            0.10914,
            0.11054,
            0.11201,
            0.11358,
            0.11523,
            0.11696999999999999,
            0.1188,
            0.12072000000000001,
            0.12272999999999999,
            0.12483999999999999
        ],
        "sigma current": [],
        "temperature": [],
        "humidity": []
    },
    "IV_IMG": [],
    "LEAK_CURRENT": 0.09954,
    "MAXIMUM_VOLTAGE": 200,
    "NO_BREAKDOWN_VOLTAGE_OBSERVED": true
}