{
    "properties": {
        "ANALYSIS_VERSION": "450ffd4c",
        "HUM": 0,
        "TEMP": 20
    },
    "BREAKDOWN_VOLTAGE": -999,
    "IV_ARRAY": {
        "time": [
            0,
            2,
            4,
            6,
            8,
            10,
            12,
            14,
            16,
            18,
            20,
            22,
            24,
            26,
            28,
            30,
            32,
            34,
            36,
            38,
            40,
            42,
            44,
            46,
            48,
            50,
            52,
            54,
            56,
            58,
            60,
            62,
            64,
            66,
            68,
            70,
            72,
            74,
            76,
            78,
            80
        ],
        "voltage": [
            0,
            5,
            10,
            15,
            20,
            25,
            30,
            35,
            40,
            45,
            50,
            55,
            60,
            65,
            70,
            75,
            80,
            85,
            90,
            95,
            100,
            105,
            110,
            115,
            120,
            125,
            130,
            135,
            140,
            145,
            150,
            155,
            160,
            165,
            170,
            175,
            180,
            185,
            190,
            195,
            200
        ],
        "current": [
            6e-07,
            0.10146,
            0.08034000000000001,
            0.08421999999999999,
            0.08698,
            0.08957,
            0.09248,
            0.09467,
            0.09587,
            0.09592,
            0.09587999999999999,
            0.09623,
            0.09664,
            0.09698,
            0.09736,
            0.09809,
            0.09866,
            0.09928,
            0.09991,
            0.10056,
            0.10124,
            0.10361,
            0.10397999999999999,
            0.10443000000000001,
            0.10497000000000001,
            0.10558999999999999,
            0.10627,
            0.10697999999999999,
            0.10774,
            0.10856,
            0.10943,
            0.11036,
            0.11134000000000001,
            0.11239,
            0.11349000000000001,
            0.11465,
            0.11589,
            0.11719,
            0.11854,
            0.11997000000000001,
            0.12147
        ],
        "sigma current": [],
        "temperature": [],
        "humidity": []
    },
    "IV_IMG": [],
    "LEAK_CURRENT": 0.10443000000000001,
    "MAXIMUM_VOLTAGE": 200,
    "NO_BREAKDOWN_VOLTAGE_OBSERVED": true
}