{
    "properties": {
        "ANALYSIS_VERSION": "450ffd4c",
        "HUM": 0,
        "TEMP": 20
    },
    "BREAKDOWN_VOLTAGE": -999,
    "IV_ARRAY": {
        "time": [
            0,
            2,
            4,
            6,
            8,
            10,
            12,
            14,
            16,
            18,
            20,
            22,
            24,
            26,
            28,
            30,
            32,
            34,
            36,
            38,
            40,
            42,
            44,
            46,
            48,
            50,
            52,
            54,
            56,
            58,
            60,
            62,
            64,
            66,
            68,
            70,
            72,
            74,
            76,
            78,
            80
        ],
        "voltage": [
            0,
            5,
            10,
            15,
            20,
            25,
            30,
            35,
            40,
            45,
            50,
            55,
            60,
            65,
            70,
            75,
            80,
            85,
            90,
            95,
            100,
            105,
            110,
            115,
            120,
            125,
            130,
            135,
            140,
            145,
            150,
            155,
            160,
            165,
            170,
            175,
            180,
            185,
            190,
            195,
            200
        ],
        "current": [
            1.0000000000000001e-07,
            0.09591000000000001,
            0.08274999999999999,
            0.0867,
            0.08914,
            0.09097999999999999,
            0.09247,
            0.09372,
            0.09482,
            0.09584000000000001,
            0.09670999999999999,
            0.09741,
            0.09802,
            0.09858,
            0.09918,
            0.09981000000000001,
            0.10045,
            0.10112,
            0.10181,
            0.10253000000000001,
            0.10328,
            0.1056,
            0.10596,
            0.10657,
            0.10733,
            0.10815999999999999,
            0.10905,
            0.11001000000000001,
            0.11104,
            0.11213,
            0.11329,
            0.11455,
            0.11589,
            0.11732,
            0.11882,
            0.1204,
            0.12205,
            0.12379,
            0.12561,
            0.12752,
            0.12949999999999998
        ],
        "sigma current": [],
        "temperature": [],
        "humidity": []
    },
    "IV_IMG": [],
    "LEAK_CURRENT": 0.10657,
    "MAXIMUM_VOLTAGE": 200,
    "NO_BREAKDOWN_VOLTAGE_OBSERVED": true
}