{
    "properties": {
        "ANALYSIS_VERSION": "450ffd4c",
        "HUM": 0,
        "TEMP": 20
    },
    "BREAKDOWN_VOLTAGE": -999,
    "IV_ARRAY": {
        "time": [
            0,
            2,
            4,
            6,
            8,
            10,
            12,
            14,
            16,
            18,
            20,
            22,
            24,
            26,
            28,
            30,
            32,
            34,
            36,
            38,
            40,
            42,
            44,
            46,
            48,
            50,
            52,
            54,
            56,
            58,
            60,
            62,
            64,
            66,
            68,
            70,
            72,
            74,
            76,
            78,
            80
        ],
        "voltage": [
            0,
            5,
            10,
            15,
            20,
            25,
            30,
            35,
            40,
            45,
            50,
            55,
            60,
            65,
            70,
            75,
            80,
            85,
            90,
            95,
            100,
            105,
            110,
            115,
            120,
            125,
            130,
            135,
            140,
            145,
            150,
            155,
            160,
            165,
            170,
            175,
            180,
            185,
            190,
            195,
            200
        ],
        "current": [
            4.6e-06,
            0.09916,
            0.08504,
            0.08836000000000001,
            0.09029,
            0.09183,
            0.09265999999999999,
            0.09354,
            0.09436,
            0.09513,
            0.09586,
            0.09643,
            0.0969,
            0.09732,
            0.09776,
            0.09824,
            0.09874,
            0.09926,
            0.09981000000000001,
            0.10041,
            0.10102,
            0.10407000000000001,
            0.10394,
            0.10425999999999999,
            0.10476,
            0.10535,
            0.10599,
            0.10669999999999999,
            0.10746,
            0.10828,
            0.10916000000000001,
            0.1101,
            0.11109999999999999,
            0.11217,
            0.11331,
            0.11451,
            0.1158,
            0.11714000000000001,
            0.11856,
            0.12004000000000001,
            0.1216
        ],
        "sigma current": [],
        "temperature": [],
        "humidity": []
    },
    "IV_IMG": [],
    "LEAK_CURRENT": 0.10425999999999999,
    "MAXIMUM_VOLTAGE": 200,
    "NO_BREAKDOWN_VOLTAGE_OBSERVED": true
}