{
    "properties": {
        "ANALYSIS_VERSION": "450ffd4c",
        "HUM": 0,
        "TEMP": 20
    },
    "BREAKDOWN_VOLTAGE": -999,
    "IV_ARRAY": {
        "time": [
            0,
            2,
            4,
            6,
            8,
            10,
            12,
            14,
            16,
            18,
            20,
            22,
            24,
            26,
            28,
            30,
            32,
            34,
            36,
            38,
            40,
            42,
            44,
            46,
            48,
            50,
            52,
            54,
            56,
            58,
            60,
            62,
            64,
            66,
            68,
            70,
            72,
            74,
            76,
            78,
            80
        ],
        "voltage": [
            0,
            5,
            10,
            15,
            20,
            25,
            30,
            35,
            40,
            45,
            50,
            55,
            60,
            65,
            70,
            75,
            80,
            85,
            90,
            95,
            100,
            105,
            110,
            115,
            120,
            125,
            130,
            135,
            140,
            145,
            150,
            155,
            160,
            165,
            170,
            175,
            180,
            185,
            190,
            195,
            200
        ],
        "current": [
            4.0000000000000003e-07,
            0.09121,
            0.07929,
            0.08328,
            0.08584,
            0.08782,
            0.08947000000000001,
            0.09087,
            0.0921,
            0.09318,
            0.09412999999999999,
            0.09489,
            0.09555000000000001,
            0.09616,
            0.09679,
            0.09749,
            0.09826,
            0.09906,
            0.09985999999999999,
            0.10066,
            0.10144,
            0.10346999999999999,
            0.10397999999999999,
            0.1046,
            0.10529999999999999,
            0.10605,
            0.10686000000000001,
            0.10771,
            0.1086,
            0.10952,
            0.1105,
            0.11152999999999999,
            0.1126,
            0.11374,
            0.11494,
            0.11621000000000001,
            0.11753,
            0.11892,
            0.12038,
            0.12188999999999998,
            0.12347999999999999
        ],
        "sigma current": [],
        "temperature": [],
        "humidity": []
    },
    "IV_IMG": [],
    "LEAK_CURRENT": 0.1046,
    "MAXIMUM_VOLTAGE": 200,
    "NO_BREAKDOWN_VOLTAGE_OBSERVED": true
}