{
    "properties": {
        "ANALYSIS_VERSION": "450ffd4c",
        "HUM": 0,
        "TEMP": 20
    },
    "BREAKDOWN_VOLTAGE": -999,
    "IV_ARRAY": {
        "time": [
            0,
            2,
            4,
            6,
            8,
            10,
            12,
            14,
            16,
            18,
            20,
            22,
            24,
            26,
            28,
            30,
            32,
            34,
            36,
            38,
            40,
            42,
            44,
            46,
            48,
            50,
            52,
            54,
            56,
            58,
            60,
            62,
            64,
            66,
            68,
            70,
            72,
            74,
            76,
            78,
            80
        ],
        "voltage": [
            0,
            5,
            10,
            15,
            20,
            25,
            30,
            35,
            40,
            45,
            50,
            55,
            60,
            65,
            70,
            75,
            80,
            85,
            90,
            95,
            100,
            105,
            110,
            115,
            120,
            125,
            130,
            135,
            140,
            145,
            150,
            155,
            160,
            165,
            170,
            175,
            180,
            185,
            190,
            195,
            200
        ],
        "current": [
            2.9e-06,
            0.07686,
            0.07751,
            0.08068,
            0.08279,
            0.08460000000000001,
            0.08631,
            0.08803,
            0.08959,
            0.0901,
            0.09047000000000001,
            0.09094000000000001,
            0.09143000000000001,
            0.09197,
            0.09251999999999999,
            0.09308,
            0.09365,
            0.09422000000000001,
            0.09481,
            0.09542,
            0.09606,
            0.09765,
            0.09804,
            0.09858,
            0.09924,
            0.09996000000000001,
            0.10072,
            0.10153,
            0.10239000000000001,
            0.10328999999999999,
            0.10424,
            0.10526,
            0.10632,
            0.10745,
            0.10864,
            0.10989,
            0.11121,
            0.11259000000000001,
            0.11403999999999999,
            0.11556,
            0.11714000000000001
        ],
        "sigma current": [],
        "temperature": [],
        "humidity": []
    },
    "IV_IMG": [],
    "LEAK_CURRENT": 0.09858,
    "MAXIMUM_VOLTAGE": 200,
    "NO_BREAKDOWN_VOLTAGE_OBSERVED": true
}