{
    "properties": {
        "ANALYSIS_VERSION": "450ffd4c",
        "HUM": 0,
        "TEMP": 20
    },
    "BREAKDOWN_VOLTAGE": -999,
    "IV_ARRAY": {
        "time": [
            0,
            2,
            4,
            6,
            8,
            10,
            12,
            14,
            16,
            18,
            20,
            22,
            24,
            26,
            28,
            30,
            32,
            34,
            36,
            38,
            40,
            42,
            44,
            46,
            48,
            50,
            52,
            54,
            56,
            58,
            60,
            62,
            64,
            66,
            68,
            70,
            72,
            74,
            76,
            78,
            80
        ],
        "voltage": [
            0,
            5,
            10,
            15,
            20,
            25,
            30,
            35,
            40,
            45,
            50,
            55,
            60,
            65,
            70,
            75,
            80,
            85,
            90,
            95,
            100,
            105,
            110,
            115,
            120,
            125,
            130,
            135,
            140,
            145,
            150,
            155,
            160,
            165,
            170,
            175,
            180,
            185,
            190,
            195,
            200
        ],
        "current": [
            1.0000000000000001e-07,
            0.08094,
            0.07119,
            0.07482,
            0.07735,
            0.07946,
            0.08131000000000001,
            0.08301,
            0.08463999999999999,
            0.08619,
            0.08743999999999999,
            0.08805,
            0.08842,
            0.08909,
            0.08984,
            0.09063,
            0.0914,
            0.09213,
            0.09286,
            0.09359,
            0.09434,
            0.09558,
            0.09626,
            0.09698,
            0.09774,
            0.09852,
            0.09935,
            0.10021,
            0.1011,
            0.10203,
            0.10300999999999999,
            0.10404,
            0.10511000000000001,
            0.10625,
            0.10743,
            0.10868,
            0.10998999999999999,
            0.11136,
            0.11279,
            0.11429,
            0.11584
        ],
        "sigma current": [],
        "temperature": [],
        "humidity": []
    },
    "IV_IMG": [],
    "LEAK_CURRENT": 0.09698,
    "MAXIMUM_VOLTAGE": 200,
    "NO_BREAKDOWN_VOLTAGE_OBSERVED": true
}