{
    "properties": {
        "ANALYSIS_VERSION": "450ffd4c",
        "HUM": 0,
        "TEMP": 20
    },
    "BREAKDOWN_VOLTAGE": -999,
    "IV_ARRAY": {
        "time": [
            0,
            2,
            4,
            6,
            8,
            10,
            12,
            14,
            16,
            18,
            20,
            22,
            24,
            26,
            28,
            30,
            32,
            34,
            36,
            38,
            40,
            42,
            44,
            46,
            48,
            50,
            52,
            54,
            56,
            58,
            60,
            62,
            64,
            66,
            68,
            70,
            72,
            74,
            76,
            78,
            80
        ],
        "voltage": [
            0,
            5,
            10,
            15,
            20,
            25,
            30,
            35,
            40,
            45,
            50,
            55,
            60,
            65,
            70,
            75,
            80,
            85,
            90,
            95,
            100,
            105,
            110,
            115,
            120,
            125,
            130,
            135,
            140,
            145,
            150,
            155,
            160,
            165,
            170,
            175,
            180,
            185,
            190,
            195,
            200
        ],
        "current": [
            4.0000000000000003e-07,
            0.10007999999999999,
            0.08549000000000001,
            0.08881,
            0.09068,
            0.09201,
            0.09312000000000001,
            0.09411,
            0.09499,
            0.09577000000000001,
            0.09642,
            0.09696,
            0.09744,
            0.0979,
            0.09838,
            0.09888999999999999,
            0.09942,
            0.09999,
            0.1006,
            0.10124,
            0.10191,
            0.10439,
            0.10442,
            0.10478,
            0.10534,
            0.10597000000000001,
            0.10666,
            0.10740999999999999,
            0.10823999999999999,
            0.10912,
            0.11004,
            0.11101,
            0.11203,
            0.11311,
            0.11424,
            0.11545000000000001,
            0.11672,
            0.11806,
            0.11946000000000001,
            0.12093000000000001,
            0.12247999999999999
        ],
        "sigma current": [],
        "temperature": [],
        "humidity": []
    },
    "IV_IMG": [],
    "LEAK_CURRENT": 0.10478,
    "MAXIMUM_VOLTAGE": 200,
    "NO_BREAKDOWN_VOLTAGE_OBSERVED": true
}