{
    "properties": {
        "ANALYSIS_VERSION": "450ffd4c",
        "HUM": 0,
        "TEMP": 20
    },
    "BREAKDOWN_VOLTAGE": -999,
    "IV_ARRAY": {
        "time": [
            0,
            2,
            4,
            6,
            8,
            10,
            12,
            14,
            16,
            18,
            20,
            22,
            24,
            26,
            28,
            30,
            32,
            34,
            36,
            38,
            40,
            42,
            44,
            46,
            48,
            50,
            52,
            54,
            56,
            58,
            60,
            62,
            64,
            66,
            68,
            70,
            72,
            74,
            76,
            78,
            80
        ],
        "voltage": [
            0,
            5,
            10,
            15,
            20,
            25,
            30,
            35,
            40,
            45,
            50,
            55,
            60,
            65,
            70,
            75,
            80,
            85,
            90,
            95,
            100,
            105,
            110,
            115,
            120,
            125,
            130,
            135,
            140,
            145,
            150,
            155,
            160,
            165,
            170,
            175,
            180,
            185,
            190,
            195,
            200
        ],
        "current": [
            1.0000000000000001e-07,
            0.10124999999999999,
            0.08610999999999999,
            0.08919,
            0.09144000000000001,
            0.09284,
            0.09403,
            0.09506,
            0.09586,
            0.09665,
            0.09736,
            0.09792000000000001,
            0.09838,
            0.0988,
            0.09925,
            0.0998,
            0.10039000000000001,
            0.10094,
            0.10149000000000001,
            0.10199,
            0.10225000000000001,
            0.10389,
            0.10421000000000001,
            0.1047,
            0.10532000000000001,
            0.10599,
            0.10671,
            0.10747999999999999,
            0.10829,
            0.10913,
            0.11003,
            0.11097,
            0.11198,
            0.11305,
            0.11417999999999999,
            0.11538000000000001,
            0.11664000000000001,
            0.11797,
            0.11936999999999999,
            0.12083999999999999,
            0.12237999999999999
        ],
        "sigma current": [],
        "temperature": [],
        "humidity": []
    },
    "IV_IMG": [],
    "LEAK_CURRENT": 0.1047,
    "MAXIMUM_VOLTAGE": 200,
    "NO_BREAKDOWN_VOLTAGE_OBSERVED": true
}