{
    "properties": {
        "ANALYSIS_VERSION": "ad4945a2",
        "HUM": 0,
        "TEMP": 20
    },
    "BREAKDOWN_VOLTAGE": -999,
    "IV_ARRAY": {
        "time": [
            0,
            2,
            4,
            6,
            8,
            10,
            12,
            14,
            16,
            18,
            20,
            22,
            24,
            26,
            28,
            30,
            32,
            34,
            36,
            38,
            40,
            42,
            44,
            46,
            48,
            50,
            52,
            54,
            56,
            58,
            60,
            62,
            64,
            66,
            68,
            70,
            72,
            74,
            76,
            78,
            80
        ],
        "voltage": [
            0,
            5,
            10,
            15,
            20,
            25,
            30,
            35,
            40,
            45,
            50,
            55,
            60,
            65,
            70,
            75,
            80,
            85,
            90,
            95,
            100,
            105,
            110,
            115,
            120,
            125,
            130,
            135,
            140,
            145,
            150,
            155,
            160,
            165,
            170,
            175,
            180,
            185,
            190,
            195,
            200
        ],
        "current": [
            1.0000000000000001e-07,
            0.08191,
            0.07514,
            0.07905,
            0.08159000000000001,
            0.08354,
            0.08511,
            0.08643,
            0.08757999999999999,
            0.08861,
            0.08955,
            0.09042,
            0.09126,
            0.09204999999999999,
            0.09283000000000001,
            0.09363,
            0.09446,
            0.0953,
            0.09612,
            0.09692999999999999,
            0.09772,
            0.09904,
            0.09965,
            0.10031,
            0.10103,
            0.1018,
            0.10262,
            0.10346999999999999,
            0.10434,
            0.10525000000000001,
            0.10619,
            0.10718,
            0.10822,
            0.10930000000000001,
            0.11044,
            0.11163000000000001,
            0.11286,
            0.11416,
            0.11550999999999999,
            0.11692000000000001,
            0.11839000000000001
        ],
        "sigma current": [],
        "temperature": [],
        "humidity": []
    },
    "IV_IMG": "1c6d1e25e61a6a6e57986eae2139448c11c2b0b3c92841f6489f186be7e08d1b",
    "LEAK_CURRENT": 0.09772,
    "MAXIMUM_VOLTAGE": 200,
    "NO_BREAKDOWN_VOLTAGE_OBSERVED": true
}