{
    "properties": {
        "ANALYSIS_VERSION": "450ffd4c",
        "HUM": 0,
        "TEMP": 20
    },
    "BREAKDOWN_VOLTAGE": -999,
    "IV_ARRAY": {
        "time": [
            0,
            2,
            4,
            6,
            8,
            10,
            12,
            14,
            16,
            18,
            20,
            22,
            24,
            26,
            28,
            30,
            32,
            34,
            36,
            38,
            40,
            42,
            44,
            46,
            48,
            50,
            52,
            54,
            56,
            58,
            60,
            62,
            64,
            66,
            68,
            70,
            72,
            74,
            76,
            78,
            80
        ],
        "voltage": [
            0,
            5,
            10,
            15,
            20,
            25,
            30,
            35,
            40,
            45,
            50,
            55,
            60,
            65,
            70,
            75,
            80,
            85,
            90,
            95,
            100,
            105,
            110,
            115,
            120,
            125,
            130,
            135,
            140,
            145,
            150,
            155,
            160,
            165,
            170,
            175,
            180,
            185,
            190,
            195,
            200
        ],
        "current": [
            6e-07,
            0.09838,
            0.08189,
            0.08514,
            0.08792,
            0.09145,
            0.09331,
            0.09272999999999999,
            0.09305000000000001,
            0.09351,
            0.09412,
            0.09465,
            0.09507,
            0.09545999999999999,
            0.0959,
            0.09636,
            0.09687000000000001,
            0.09741,
            0.098,
            0.09859,
            0.0992,
            0.10192,
            0.10194,
            0.10227,
            0.10276,
            0.10335,
            0.10399,
            0.1047,
            0.10546000000000001,
            0.10629,
            0.10716,
            0.1081,
            0.10909,
            0.11016000000000001,
            0.11129,
            0.11248,
            0.11374,
            0.11506999999999999,
            0.11646999999999999,
            0.11793,
            0.11946000000000001
        ],
        "sigma current": [],
        "temperature": [],
        "humidity": []
    },
    "IV_IMG": [],
    "LEAK_CURRENT": 0.10227,
    "MAXIMUM_VOLTAGE": 200,
    "NO_BREAKDOWN_VOLTAGE_OBSERVED": true
}