{
    "properties": {
        "ANALYSIS_VERSION": "450ffd4c",
        "HUM": 0,
        "TEMP": 20
    },
    "BREAKDOWN_VOLTAGE": -999,
    "IV_ARRAY": {
        "time": [
            0,
            2,
            4,
            6,
            8,
            10,
            12,
            14,
            16,
            18,
            20,
            22,
            24,
            26,
            28,
            30,
            32,
            34,
            36,
            38,
            40,
            42,
            44,
            46,
            48,
            50,
            52,
            54,
            56,
            58,
            60,
            62,
            64,
            66,
            68,
            70,
            72,
            74,
            76,
            78,
            80
        ],
        "voltage": [
            0,
            5,
            10,
            15,
            20,
            25,
            30,
            35,
            40,
            45,
            50,
            55,
            60,
            65,
            70,
            75,
            80,
            85,
            90,
            95,
            100,
            105,
            110,
            115,
            120,
            125,
            130,
            135,
            140,
            145,
            150,
            155,
            160,
            165,
            170,
            175,
            180,
            185,
            190,
            195,
            200
        ],
        "current": [
            4.6e-06,
            0.09874999999999999,
            0.08466,
            0.08849,
            0.0908,
            0.09257,
            0.09414,
            0.09562000000000001,
            0.09674,
            0.09749,
            0.09809,
            0.09856000000000001,
            0.09906,
            0.09952,
            0.09999,
            0.10054,
            0.10113000000000001,
            0.10177,
            0.10243999999999999,
            0.10314999999999999,
            0.10389,
            0.10643,
            0.10671,
            0.10726999999999999,
            0.10798,
            0.10876,
            0.10962,
            0.11054,
            0.11152999999999999,
            0.1126,
            0.11376,
            0.11499999999999999,
            0.11631,
            0.11769,
            0.11915,
            0.12069,
            0.12230999999999999,
            0.12401999999999999,
            0.1258,
            0.12768,
            0.12963
        ],
        "sigma current": [],
        "temperature": [],
        "humidity": []
    },
    "IV_IMG": [],
    "LEAK_CURRENT": 0.10726999999999999,
    "MAXIMUM_VOLTAGE": 200,
    "NO_BREAKDOWN_VOLTAGE_OBSERVED": true
}