{
    "properties": {
        "ANALYSIS_VERSION": "450ffd4c",
        "HUM": 0,
        "TEMP": 20
    },
    "BREAKDOWN_VOLTAGE": -999,
    "IV_ARRAY": {
        "time": [
            0,
            2,
            4,
            6,
            8,
            10,
            12,
            14,
            16,
            18,
            20,
            22,
            24,
            26,
            28,
            30,
            32,
            34,
            36,
            38,
            40,
            42,
            44,
            46,
            48,
            50,
            52,
            54,
            56,
            58,
            60,
            62,
            64,
            66,
            68,
            70,
            72,
            74,
            76,
            78,
            80
        ],
        "voltage": [
            0,
            5,
            10,
            15,
            20,
            25,
            30,
            35,
            40,
            45,
            50,
            55,
            60,
            65,
            70,
            75,
            80,
            85,
            90,
            95,
            100,
            105,
            110,
            115,
            120,
            125,
            130,
            135,
            140,
            145,
            150,
            155,
            160,
            165,
            170,
            175,
            180,
            185,
            190,
            195,
            200
        ],
        "current": [
            5e-07,
            0.08228,
            0.07328000000000001,
            0.07751,
            0.0805,
            0.08313000000000001,
            0.08572,
            0.08868,
            0.09133,
            0.09324,
            0.09473000000000001,
            0.09433,
            0.09459000000000001,
            0.09494,
            0.09547,
            0.09646,
            0.0973,
            0.09806000000000001,
            0.09886,
            0.09969,
            0.10051,
            0.10206,
            0.10286,
            0.10364,
            0.10439999999999999,
            0.10522,
            0.10607,
            0.10696,
            0.10786,
            0.1088,
            0.10979000000000001,
            0.11083,
            0.11193,
            0.11308,
            0.1143,
            0.11556999999999999,
            0.11691,
            0.11832000000000001,
            0.11979,
            0.12133,
            0.12294
        ],
        "sigma current": [],
        "temperature": [],
        "humidity": []
    },
    "IV_IMG": [],
    "LEAK_CURRENT": 0.10364,
    "MAXIMUM_VOLTAGE": 200,
    "NO_BREAKDOWN_VOLTAGE_OBSERVED": true
}