{
    "properties": {
        "ANALYSIS_VERSION": "450ffd4c",
        "HUM": 0,
        "TEMP": 20
    },
    "BREAKDOWN_VOLTAGE": -999,
    "IV_ARRAY": {
        "time": [
            0,
            2,
            4,
            6,
            8,
            10,
            12,
            14,
            16,
            18,
            20,
            22,
            24,
            26,
            28,
            30,
            32,
            34,
            36,
            38,
            40,
            42,
            44,
            46,
            48,
            50,
            52,
            54,
            56,
            58,
            60,
            62,
            64,
            66,
            68,
            70,
            72,
            74,
            76,
            78,
            80
        ],
        "voltage": [
            0,
            5,
            10,
            15,
            20,
            25,
            30,
            35,
            40,
            45,
            50,
            55,
            60,
            65,
            70,
            75,
            80,
            85,
            90,
            95,
            100,
            105,
            110,
            115,
            120,
            125,
            130,
            135,
            140,
            145,
            150,
            155,
            160,
            165,
            170,
            175,
            180,
            185,
            190,
            195,
            200
        ],
        "current": [
            3e-07,
            0.07876,
            0.06976,
            0.07353,
            0.07618,
            0.07838,
            0.08030999999999999,
            0.08209,
            0.08374,
            0.08518,
            0.08645,
            0.0876,
            0.08861999999999999,
            0.08950999999999999,
            0.09036999999999999,
            0.09123,
            0.0921,
            0.09297000000000001,
            0.09385,
            0.09473000000000001,
            0.09559999999999999,
            0.09686,
            0.09768,
            0.09855000000000001,
            0.09945,
            0.10038,
            0.10135000000000001,
            0.10237,
            0.10343,
            0.10455,
            0.10572999999999999,
            0.10697,
            0.10828,
            0.10966000000000001,
            0.11111,
            0.11263999999999999,
            0.11424999999999999,
            0.11594,
            0.11771,
            0.11957000000000001,
            0.1215
        ],
        "sigma current": [],
        "temperature": [],
        "humidity": []
    },
    "IV_IMG": [],
    "LEAK_CURRENT": 0.09855000000000001,
    "MAXIMUM_VOLTAGE": 200,
    "NO_BREAKDOWN_VOLTAGE_OBSERVED": true
}