{
    "properties": {
        "ANALYSIS_VERSION": "450ffd4c",
        "HUM": 0,
        "TEMP": 20
    },
    "BREAKDOWN_VOLTAGE": -999,
    "IV_ARRAY": {
        "time": [
            0,
            2,
            4,
            6,
            8,
            10,
            12,
            14,
            16,
            18,
            20,
            22,
            24,
            26,
            28,
            30,
            32,
            34,
            36,
            38,
            40,
            42,
            44,
            46,
            48,
            50,
            52,
            54,
            56,
            58,
            60,
            62,
            64,
            66,
            68,
            70,
            72,
            74,
            76,
            78,
            80
        ],
        "voltage": [
            0,
            5,
            10,
            15,
            20,
            25,
            30,
            35,
            40,
            45,
            50,
            55,
            60,
            65,
            70,
            75,
            80,
            85,
            90,
            95,
            100,
            105,
            110,
            115,
            120,
            125,
            130,
            135,
            140,
            145,
            150,
            155,
            160,
            165,
            170,
            175,
            180,
            185,
            190,
            195,
            200
        ],
        "current": [
            5.8e-06,
            0.08077,
            0.07165999999999999,
            0.0756,
            0.07884,
            0.08223,
            0.08619,
            0.08897,
            0.09114,
            0.09133999999999999,
            0.09141999999999999,
            0.09238,
            0.09294,
            0.0932,
            0.09383999999999999,
            0.09464,
            0.0954,
            0.09616,
            0.09691999999999999,
            0.09769,
            0.09845,
            0.0994,
            0.10026,
            0.10109,
            0.1019,
            0.10271,
            0.10351,
            0.10435,
            0.10521,
            0.1061,
            0.10703,
            0.10801,
            0.10905,
            0.11014,
            0.11129,
            0.11249999999999999,
            0.11377000000000001,
            0.11511,
            0.11651,
            0.11798,
            0.11950999999999999
        ],
        "sigma current": [],
        "temperature": [],
        "humidity": []
    },
    "IV_IMG": [],
    "LEAK_CURRENT": 0.10109,
    "MAXIMUM_VOLTAGE": 200,
    "NO_BREAKDOWN_VOLTAGE_OBSERVED": true
}