{
    "properties": {
        "ANALYSIS_VERSION": "450ffd4c",
        "HUM": 0,
        "TEMP": 20
    },
    "BREAKDOWN_VOLTAGE": -999,
    "IV_ARRAY": {
        "time": [
            0,
            2,
            4,
            6,
            8,
            10,
            12,
            14,
            16,
            18,
            20,
            22,
            24,
            26,
            28,
            30,
            32,
            34,
            36,
            38,
            40,
            42,
            44,
            46,
            48,
            50,
            52,
            54,
            56,
            58,
            60,
            62,
            64,
            66,
            68,
            70,
            72,
            74,
            76,
            78,
            80
        ],
        "voltage": [
            0,
            5,
            10,
            15,
            20,
            25,
            30,
            35,
            40,
            45,
            50,
            55,
            60,
            65,
            70,
            75,
            80,
            85,
            90,
            95,
            100,
            105,
            110,
            115,
            120,
            125,
            130,
            135,
            140,
            145,
            150,
            155,
            160,
            165,
            170,
            175,
            180,
            185,
            190,
            195,
            200
        ],
        "current": [
            5e-07,
            0.09607,
            0.08326,
            0.0874,
            0.08993999999999999,
            0.09186,
            0.09337,
            0.09462,
            0.09571,
            0.09668,
            0.0976,
            0.09838,
            0.09902,
            0.09958,
            0.10013,
            0.10074,
            0.10139,
            0.10204,
            0.10271999999999999,
            0.10341,
            0.10411,
            0.10651000000000001,
            0.10683,
            0.10733999999999999,
            0.10797,
            0.10865999999999999,
            0.10937000000000001,
            0.11012999999999999,
            0.11093,
            0.11177,
            0.11266000000000001,
            0.11361,
            0.1146,
            0.11568,
            0.11682,
            0.11802,
            0.11925999999999999,
            0.12055999999999999,
            0.12192,
            0.12333999999999999,
            0.12482
        ],
        "sigma current": [],
        "temperature": [],
        "humidity": []
    },
    "IV_IMG": [],
    "LEAK_CURRENT": 0.10733999999999999,
    "MAXIMUM_VOLTAGE": 200,
    "NO_BREAKDOWN_VOLTAGE_OBSERVED": true
}