{
    "properties": {
        "ANALYSIS_VERSION": "450ffd4c",
        "HUM": 0,
        "TEMP": 20
    },
    "BREAKDOWN_VOLTAGE": -999,
    "IV_ARRAY": {
        "time": [
            0,
            2,
            4,
            6,
            8,
            10,
            12,
            14,
            16,
            18,
            20,
            22,
            24,
            26,
            28,
            30,
            32,
            34,
            36,
            38,
            40,
            42,
            44,
            46,
            48,
            50,
            52,
            54,
            56,
            58,
            60,
            62,
            64,
            66,
            68,
            70,
            72,
            74,
            76,
            78,
            80
        ],
        "voltage": [
            0,
            5,
            10,
            15,
            20,
            25,
            30,
            35,
            40,
            45,
            50,
            55,
            60,
            65,
            70,
            75,
            80,
            85,
            90,
            95,
            100,
            105,
            110,
            115,
            120,
            125,
            130,
            135,
            140,
            145,
            150,
            155,
            160,
            165,
            170,
            175,
            180,
            185,
            190,
            195,
            200
        ],
        "current": [
            4.8e-06,
            0.08085,
            0.07184,
            0.07581,
            0.07862,
            0.08092,
            0.0829,
            0.08467000000000001,
            0.0863,
            0.08782,
            0.08929,
            0.09058,
            0.09152,
            0.09235,
            0.09319000000000001,
            0.09412,
            0.095,
            0.09580999999999999,
            0.09661,
            0.09741,
            0.09820000000000001,
            0.0993,
            0.10011,
            0.10091,
            0.1017,
            0.1025,
            0.10331,
            0.10415,
            0.10502,
            0.10592,
            0.10687,
            0.10786,
            0.1089,
            0.11001000000000001,
            0.11116,
            0.11238000000000001,
            0.11365,
            0.11498,
            0.11639,
            0.11784,
            0.11936999999999999
        ],
        "sigma current": [],
        "temperature": [],
        "humidity": []
    },
    "IV_IMG": [],
    "LEAK_CURRENT": 0.10091,
    "MAXIMUM_VOLTAGE": 200,
    "NO_BREAKDOWN_VOLTAGE_OBSERVED": true
}