{
    "properties": {
        "ANALYSIS_VERSION": "450ffd4c",
        "HUM": 0,
        "TEMP": 20
    },
    "BREAKDOWN_VOLTAGE": -999,
    "IV_ARRAY": {
        "time": [
            0,
            2,
            4,
            6,
            8,
            10,
            12,
            14,
            16,
            18,
            20,
            22,
            24,
            26,
            28,
            30,
            32,
            34,
            36,
            38,
            40,
            42,
            44,
            46,
            48,
            50,
            52,
            54,
            56,
            58,
            60,
            62,
            64,
            66,
            68,
            70,
            72,
            74,
            76,
            78,
            80
        ],
        "voltage": [
            0,
            5,
            10,
            15,
            20,
            25,
            30,
            35,
            40,
            45,
            50,
            55,
            60,
            65,
            70,
            75,
            80,
            85,
            90,
            95,
            100,
            105,
            110,
            115,
            120,
            125,
            130,
            135,
            140,
            145,
            150,
            155,
            160,
            165,
            170,
            175,
            180,
            185,
            190,
            195,
            200
        ],
        "current": [
            6e-07,
            0.08562,
            0.07554999999999999,
            0.07963,
            0.08252,
            0.08489000000000001,
            0.08691,
            0.08869999999999999,
            0.09033000000000001,
            0.09182,
            0.09315999999999999,
            0.09420999999999999,
            0.09504,
            0.09577000000000001,
            0.09653,
            0.0973,
            0.09802999999999999,
            0.09874,
            0.09944,
            0.10016,
            0.10088,
            0.10246000000000001,
            0.10313,
            0.10378,
            0.10448,
            0.10519,
            0.10593999999999999,
            0.10669999999999999,
            0.1075,
            0.10834,
            0.10924,
            0.11019,
            0.11120000000000001,
            0.11227999999999999,
            0.11341,
            0.1146,
            0.11586,
            0.11717999999999999,
            0.11857,
            0.12002000000000002,
            0.12154
        ],
        "sigma current": [],
        "temperature": [],
        "humidity": []
    },
    "IV_IMG": [],
    "LEAK_CURRENT": 0.10378,
    "MAXIMUM_VOLTAGE": 200,
    "NO_BREAKDOWN_VOLTAGE_OBSERVED": true
}