{
    "properties": {
        "ANALYSIS_VERSION": "450ffd4c",
        "HUM": 0,
        "TEMP": 20
    },
    "BREAKDOWN_VOLTAGE": -999,
    "IV_ARRAY": {
        "time": [
            0,
            2,
            4,
            6,
            8,
            10,
            12,
            14,
            16,
            18,
            20,
            22,
            24,
            26,
            28,
            30,
            32,
            34,
            36,
            38,
            40,
            42,
            44,
            46,
            48,
            50,
            52,
            54,
            56,
            58,
            60,
            62,
            64,
            66,
            68,
            70,
            72,
            74,
            76,
            78,
            80
        ],
        "voltage": [
            0,
            5,
            10,
            15,
            20,
            25,
            30,
            35,
            40,
            45,
            50,
            55,
            60,
            65,
            70,
            75,
            80,
            85,
            90,
            95,
            100,
            105,
            110,
            115,
            120,
            125,
            130,
            135,
            140,
            145,
            150,
            155,
            160,
            165,
            170,
            175,
            180,
            185,
            190,
            195,
            200
        ],
        "current": [
            4.7e-06,
            0.10132999999999999,
            0.08733,
            0.09077,
            0.09258,
            0.09383999999999999,
            0.09491,
            0.0958,
            0.09658,
            0.09729,
            0.09795,
            0.09851,
            0.09895999999999999,
            0.09937,
            0.09978,
            0.10027,
            0.1008,
            0.10136,
            0.10195,
            0.10260000000000001,
            0.10325,
            0.10598,
            0.10590000000000001,
            0.10624,
            0.11678000000000001,
            0.1074,
            0.10807,
            0.10881,
            0.10962,
            0.11048,
            0.11137999999999999,
            0.11233,
            0.11333,
            0.11438999999999999,
            0.11552000000000001,
            0.11670000000000001,
            0.11796000000000001,
            0.11928,
            0.12067000000000001,
            0.12213,
            0.12365
        ],
        "sigma current": [],
        "temperature": [],
        "humidity": []
    },
    "IV_IMG": [],
    "LEAK_CURRENT": 0.10624,
    "MAXIMUM_VOLTAGE": 200,
    "NO_BREAKDOWN_VOLTAGE_OBSERVED": true
}