{
    "properties": {
        "ANALYSIS_VERSION": "450ffd4c",
        "HUM": 0,
        "TEMP": 20
    },
    "BREAKDOWN_VOLTAGE": -999,
    "IV_ARRAY": {
        "time": [
            0,
            2,
            4,
            6,
            8,
            10,
            12,
            14,
            16,
            18,
            20,
            22,
            24,
            26,
            28,
            30,
            32,
            34,
            36,
            38,
            40,
            42,
            44,
            46,
            48,
            50,
            52,
            54,
            56,
            58,
            60,
            62,
            64,
            66,
            68,
            70,
            72,
            74,
            76,
            78,
            80
        ],
        "voltage": [
            0,
            5,
            10,
            15,
            20,
            25,
            30,
            35,
            40,
            45,
            50,
            55,
            60,
            65,
            70,
            75,
            80,
            85,
            90,
            95,
            100,
            105,
            110,
            115,
            120,
            125,
            130,
            135,
            140,
            145,
            150,
            155,
            160,
            165,
            170,
            175,
            180,
            185,
            190,
            195,
            200
        ],
        "current": [
            1.0000000000000001e-07,
            0.08947000000000001,
            0.07826,
            0.08203,
            0.08449,
            0.08647,
            0.08844,
            0.08989000000000001,
            0.09126,
            0.09256,
            0.09364,
            0.09444000000000001,
            0.0949,
            0.09562000000000001,
            0.09635,
            0.09702000000000001,
            0.0977,
            0.09841000000000001,
            0.09912,
            0.09985999999999999,
            0.1006,
            0.10152,
            0.10212,
            0.10278999999999999,
            0.10352,
            0.10429000000000001,
            0.10511000000000001,
            0.10593999999999999,
            0.10679000000000001,
            0.10774,
            0.1087,
            0.10969999999999999,
            0.1108,
            0.11191,
            0.11309,
            0.11431999999999999,
            0.11566,
            0.11703,
            0.11841,
            0.11997000000000001,
            0.12142000000000001
        ],
        "sigma current": [],
        "temperature": [],
        "humidity": []
    },
    "IV_IMG": [],
    "LEAK_CURRENT": 0.10278999999999999,
    "MAXIMUM_VOLTAGE": 200,
    "NO_BREAKDOWN_VOLTAGE_OBSERVED": true
}