{
    "properties": {
        "ANALYSIS_VERSION": "450ffd4c",
        "HUM": 0,
        "TEMP": 20
    },
    "BREAKDOWN_VOLTAGE": -999,
    "IV_ARRAY": {
        "time": [
            0,
            2,
            4,
            6,
            8,
            10,
            12,
            14,
            16,
            18,
            20,
            22,
            24,
            26,
            28,
            30,
            32,
            34,
            36,
            38,
            40,
            42,
            44,
            46,
            48,
            50,
            52,
            54,
            56,
            58,
            60,
            62,
            64,
            66,
            68,
            70,
            72,
            74,
            76,
            78,
            80
        ],
        "voltage": [
            0,
            5,
            10,
            15,
            20,
            25,
            30,
            35,
            40,
            45,
            50,
            55,
            60,
            65,
            70,
            75,
            80,
            85,
            90,
            95,
            100,
            105,
            110,
            115,
            120,
            125,
            130,
            135,
            140,
            145,
            150,
            155,
            160,
            165,
            170,
            175,
            180,
            185,
            190,
            195,
            200
        ],
        "current": [
            1.2e-06,
            0.14901,
            0.07016,
            0.07435,
            0.07761,
            0.08058,
            0.08348,
            0.08657,
            0.08979999999999999,
            0.09306,
            0.09629,
            0.09951,
            0.10179,
            0.10375,
            0.10569,
            0.10769,
            0.10972000000000001,
            0.11172,
            0.11344,
            0.11539,
            0.11717,
            0.11665,
            0.11950999999999999,
            0.12208,
            0.1243,
            0.12635,
            0.12808,
            0.12953,
            0.13115000000000002,
            0.13254,
            0.13443,
            0.13684,
            0.13877,
            0.1403,
            0.14273,
            0.14490999999999998,
            0.14644000000000001,
            0.14853,
            0.15078,
            0.15297,
            0.15517999999999998
        ],
        "sigma current": [],
        "temperature": [],
        "humidity": []
    },
    "IV_IMG": [],
    "LEAK_CURRENT": 0.12208,
    "MAXIMUM_VOLTAGE": 200,
    "NO_BREAKDOWN_VOLTAGE_OBSERVED": true
}