{
    "properties": {
        "ANALYSIS_VERSION": "450ffd4c",
        "HUM": 0,
        "TEMP": 20
    },
    "BREAKDOWN_VOLTAGE": -999,
    "IV_ARRAY": {
        "time": [
            0,
            2,
            4,
            6,
            8,
            10,
            12,
            14,
            16,
            18,
            20,
            22,
            24,
            26,
            28,
            30,
            32,
            34,
            36,
            38,
            40,
            42,
            44,
            46,
            48,
            50,
            52,
            54,
            56,
            58,
            60,
            62,
            64,
            66,
            68,
            70,
            72,
            74,
            76,
            78,
            80
        ],
        "voltage": [
            0,
            5,
            10,
            15,
            20,
            25,
            30,
            35,
            40,
            45,
            50,
            55,
            60,
            65,
            70,
            75,
            80,
            85,
            90,
            95,
            100,
            105,
            110,
            115,
            120,
            125,
            130,
            135,
            140,
            145,
            150,
            155,
            160,
            165,
            170,
            175,
            180,
            185,
            190,
            195,
            200
        ],
        "current": [
            5e-07,
            0.09932,
            0.08469,
            0.08818,
            0.09022999999999999,
            0.09172000000000001,
            0.09292,
            0.09396,
            0.09489,
            0.09577000000000001,
            0.09653,
            0.09718,
            0.09774,
            0.09826,
            0.0988,
            0.09936,
            0.09995000000000001,
            0.10057,
            0.10123,
            0.10192,
            0.10263,
            0.10502,
            0.10518000000000001,
            0.10562,
            0.10621,
            0.10688,
            0.1076,
            0.10839,
            0.10923000000000001,
            0.11014,
            0.11108,
            0.11207,
            0.1131,
            0.11419,
            0.11534,
            0.11655,
            0.11782000000000001,
            0.11916,
            0.12055999999999999,
            0.12202999999999999,
            0.12356
        ],
        "sigma current": [],
        "temperature": [],
        "humidity": []
    },
    "IV_IMG": [],
    "LEAK_CURRENT": 0.10562,
    "MAXIMUM_VOLTAGE": 200,
    "NO_BREAKDOWN_VOLTAGE_OBSERVED": true
}