{
    "properties": {
        "ANALYSIS_VERSION": "450ffd4c",
        "HUM": 0,
        "TEMP": 20
    },
    "BREAKDOWN_VOLTAGE": -999,
    "IV_ARRAY": {
        "time": [
            0,
            2,
            4,
            6,
            8,
            10,
            12,
            14,
            16,
            18,
            20,
            22,
            24,
            26,
            28,
            30,
            32,
            34,
            36,
            38,
            40,
            42,
            44,
            46,
            48,
            50,
            52,
            54,
            56,
            58,
            60,
            62,
            64,
            66,
            68,
            70,
            72,
            74,
            76,
            78,
            80
        ],
        "voltage": [
            0,
            5,
            10,
            15,
            20,
            25,
            30,
            35,
            40,
            45,
            50,
            55,
            60,
            65,
            70,
            75,
            80,
            85,
            90,
            95,
            100,
            105,
            110,
            115,
            120,
            125,
            130,
            135,
            140,
            145,
            150,
            155,
            160,
            165,
            170,
            175,
            180,
            185,
            190,
            195,
            200
        ],
        "current": [
            5e-07,
            0.08312,
            0.07349,
            0.07748000000000001,
            0.08019000000000001,
            0.08239,
            0.08425,
            0.08588,
            0.08735,
            0.08872000000000001,
            0.08993,
            0.09093,
            0.09176,
            0.09253,
            0.09331,
            0.09412999999999999,
            0.09491,
            0.09566,
            0.09642,
            0.09715,
            0.09789,
            0.09946,
            0.10012,
            0.10074999999999999,
            0.10144,
            0.10217,
            0.10293999999999999,
            0.10373,
            0.10456,
            0.10542,
            0.10632,
            0.10729,
            0.1083,
            0.10937000000000001,
            0.1105,
            0.11169,
            0.11294,
            0.11424999999999999,
            0.11563,
            0.11708,
            0.11859
        ],
        "sigma current": [],
        "temperature": [],
        "humidity": []
    },
    "IV_IMG": [],
    "LEAK_CURRENT": 0.10074999999999999,
    "MAXIMUM_VOLTAGE": 200,
    "NO_BREAKDOWN_VOLTAGE_OBSERVED": true
}