{
    "properties": {
        "ANALYSIS_VERSION": "450ffd4c",
        "HUM": 0,
        "TEMP": 20
    },
    "BREAKDOWN_VOLTAGE": -999,
    "IV_ARRAY": {
        "time": [
            0,
            2,
            4,
            6,
            8,
            10,
            12,
            14,
            16,
            18,
            20,
            22,
            24,
            26,
            28,
            30,
            32,
            34,
            36,
            38,
            40,
            42,
            44,
            46,
            48,
            50,
            52,
            54,
            56,
            58,
            60,
            62,
            64,
            66,
            68,
            70,
            72,
            74,
            76,
            78,
            80
        ],
        "voltage": [
            0,
            5,
            10,
            15,
            20,
            25,
            30,
            35,
            40,
            45,
            50,
            55,
            60,
            65,
            70,
            75,
            80,
            85,
            90,
            95,
            100,
            105,
            110,
            115,
            120,
            125,
            130,
            135,
            140,
            145,
            150,
            155,
            160,
            165,
            170,
            175,
            180,
            185,
            190,
            195,
            200
        ],
        "current": [
            1.0000000000000001e-07,
            0.094,
            0.08127,
            0.08478,
            0.08703000000000001,
            0.0892,
            0.09071,
            0.09211,
            0.09346,
            0.09477,
            0.09534000000000001,
            0.09581999999999999,
            0.09645,
            0.09705,
            0.09772,
            0.09835,
            0.09895999999999999,
            0.09956,
            0.10018,
            0.10081,
            0.10146,
            0.10250999999999999,
            0.10298,
            0.10356,
            0.10423,
            0.10494,
            0.1057,
            0.10647,
            0.10728,
            0.10814,
            0.10904,
            0.10998999999999999,
            0.11099,
            0.11205,
            0.11317,
            0.11435000000000001,
            0.11559,
            0.11689999999999999,
            0.11827,
            0.11969999999999999,
            0.1212
        ],
        "sigma current": [],
        "temperature": [],
        "humidity": []
    },
    "IV_IMG": [],
    "LEAK_CURRENT": 0.10356,
    "MAXIMUM_VOLTAGE": 200,
    "NO_BREAKDOWN_VOLTAGE_OBSERVED": true
}