{
    "properties": {
        "ANALYSIS_VERSION": "ad4945a2",
        "HUM": 0,
        "TEMP": 20
    },
    "BREAKDOWN_VOLTAGE": -999,
    "IV_ARRAY": {
        "time": [
            0,
            2,
            4,
            6,
            8,
            10,
            12,
            14,
            16,
            18,
            20,
            22,
            24,
            26,
            28,
            30,
            32,
            34,
            36,
            38,
            40,
            42,
            44,
            46,
            48,
            50,
            52,
            54,
            56,
            58,
            60,
            62,
            64,
            66,
            68,
            70,
            72,
            74,
            76,
            78,
            80
        ],
        "voltage": [
            0,
            5,
            10,
            15,
            20,
            25,
            30,
            35,
            40,
            45,
            50,
            55,
            60,
            65,
            70,
            75,
            80,
            85,
            90,
            95,
            100,
            105,
            110,
            115,
            120,
            125,
            130,
            135,
            140,
            145,
            150,
            155,
            160,
            165,
            170,
            175,
            180,
            185,
            190,
            195,
            200
        ],
        "current": [
            3e-07,
            0.08173000000000001,
            0.07421,
            0.07783,
            0.08017999999999999,
            0.08193,
            0.08331,
            0.08446000000000001,
            0.08546,
            0.08636,
            0.08721,
            0.088,
            0.08873,
            0.08933,
            0.08996000000000001,
            0.09072,
            0.0916,
            0.09244999999999999,
            0.09318,
            0.09386,
            0.09453,
            0.09579,
            0.0963,
            0.09688000000000001,
            0.09754,
            0.09823,
            0.09898,
            0.09976,
            0.10058,
            0.10144,
            0.10235999999999999,
            0.10332,
            0.10432,
            0.10538,
            0.10649,
            0.10767,
            0.10889,
            0.11019,
            0.11154,
            0.11295000000000001,
            0.11443
        ],
        "sigma current": [],
        "temperature": [],
        "humidity": []
    },
    "IV_IMG": "bf46810e0c671950595caa82314334c5cde47fd1a794e2e3b02cdd8f9056716b",
    "LEAK_CURRENT": 0.09453,
    "MAXIMUM_VOLTAGE": 200,
    "NO_BREAKDOWN_VOLTAGE_OBSERVED": true
}