{
    "properties": {
        "ANALYSIS_VERSION": "450ffd4c",
        "HUM": 0,
        "TEMP": 20
    },
    "BREAKDOWN_VOLTAGE": -999,
    "IV_ARRAY": {
        "time": [
            0,
            2,
            4,
            6,
            8,
            10,
            12,
            14,
            16,
            18,
            20,
            22,
            24,
            26,
            28,
            30,
            32,
            34,
            36,
            38,
            40,
            42,
            44,
            46,
            48,
            50,
            52,
            54,
            56,
            58,
            60,
            62,
            64,
            66,
            68,
            70,
            72,
            74,
            76,
            78,
            80
        ],
        "voltage": [
            0,
            5,
            10,
            15,
            20,
            25,
            30,
            35,
            40,
            45,
            50,
            55,
            60,
            65,
            70,
            75,
            80,
            85,
            90,
            95,
            100,
            105,
            110,
            115,
            120,
            125,
            130,
            135,
            140,
            145,
            150,
            155,
            160,
            165,
            170,
            175,
            180,
            185,
            190,
            195,
            200
        ],
        "current": [
            6e-07,
            0.09121,
            0.07995999999999999,
            0.08413999999999999,
            0.08693999999999999,
            0.08916,
            0.09103,
            0.09272999999999999,
            0.09433,
            0.09584000000000001,
            0.09689,
            0.0974,
            0.09811,
            0.09878,
            0.09949999999999999,
            0.10018,
            0.10081999999999999,
            0.10148,
            0.10216,
            0.10286,
            0.10357,
            0.10532000000000001,
            0.10585,
            0.10644,
            0.10711,
            0.10782,
            0.10857,
            0.10936,
            0.11019,
            0.11108,
            0.11203,
            0.11302,
            0.11408,
            0.1152,
            0.11639,
            0.11764,
            0.11896,
            0.12034,
            0.12179000000000001,
            0.12329999999999999,
            0.12487999999999999
        ],
        "sigma current": [],
        "temperature": [],
        "humidity": []
    },
    "IV_IMG": [],
    "LEAK_CURRENT": 0.10644,
    "MAXIMUM_VOLTAGE": 200,
    "NO_BREAKDOWN_VOLTAGE_OBSERVED": true
}