{
    "properties": {
        "ANALYSIS_VERSION": "450ffd4c",
        "HUM": 0,
        "TEMP": 20
    },
    "BREAKDOWN_VOLTAGE": -999,
    "IV_ARRAY": {
        "time": [
            0,
            2,
            4,
            6,
            8,
            10,
            12,
            14,
            16,
            18,
            20,
            22,
            24,
            26,
            28,
            30,
            32,
            34,
            36,
            38,
            40,
            42,
            44,
            46,
            48,
            50,
            52,
            54,
            56,
            58,
            60,
            62,
            64,
            66,
            68,
            70,
            72,
            74,
            76,
            78,
            80
        ],
        "voltage": [
            0,
            5,
            10,
            15,
            20,
            25,
            30,
            35,
            40,
            45,
            50,
            55,
            60,
            65,
            70,
            75,
            80,
            85,
            90,
            95,
            100,
            105,
            110,
            115,
            120,
            125,
            130,
            135,
            140,
            145,
            150,
            155,
            160,
            165,
            170,
            175,
            180,
            185,
            190,
            195,
            200
        ],
        "current": [
            5e-07,
            0.1025,
            0.08714,
            0.09031,
            0.09219,
            0.09341,
            0.09444000000000001,
            0.0954,
            0.09622,
            0.09696,
            0.09761,
            0.09811,
            0.09856000000000001,
            0.09895999999999999,
            0.09938,
            0.09987,
            0.1004,
            0.10095,
            0.10155,
            0.10219,
            0.10283,
            0.10557,
            0.10548,
            0.10582,
            0.10637,
            0.10700000000000001,
            0.1077,
            0.10844999999999999,
            0.10933999999999999,
            0.11015,
            0.11105000000000001,
            0.11201,
            0.11303,
            0.11410999999999999,
            0.11526,
            0.11646999999999999,
            0.11774,
            0.11908,
            0.12048999999999999,
            0.12197,
            0.12351
        ],
        "sigma current": [],
        "temperature": [],
        "humidity": []
    },
    "IV_IMG": [],
    "LEAK_CURRENT": 0.10582,
    "MAXIMUM_VOLTAGE": 200,
    "NO_BREAKDOWN_VOLTAGE_OBSERVED": true
}