{
    "properties": {
        "ANALYSIS_VERSION": "450ffd4c",
        "HUM": 0,
        "TEMP": 20
    },
    "BREAKDOWN_VOLTAGE": -999,
    "IV_ARRAY": {
        "time": [
            0,
            2,
            4,
            6,
            8,
            10,
            12,
            14,
            16,
            18,
            20,
            22,
            24,
            26,
            28,
            30,
            32,
            34,
            36,
            38,
            40,
            42,
            44,
            46,
            48,
            50,
            52,
            54,
            56,
            58,
            60,
            62,
            64,
            66,
            68,
            70,
            72,
            74,
            76,
            78,
            80
        ],
        "voltage": [
            0,
            5,
            10,
            15,
            20,
            25,
            30,
            35,
            40,
            45,
            50,
            55,
            60,
            65,
            70,
            75,
            80,
            85,
            90,
            95,
            100,
            105,
            110,
            115,
            120,
            125,
            130,
            135,
            140,
            145,
            150,
            155,
            160,
            165,
            170,
            175,
            180,
            185,
            190,
            195,
            200
        ],
        "current": [
            6e-07,
            0.09286,
            0.08069,
            0.08421999999999999,
            0.08729999999999999,
            0.09104999999999999,
            0.09294999999999999,
            0.09341,
            0.0931,
            0.09359,
            0.09419,
            0.09471,
            0.09518,
            0.09566,
            0.09613000000000001,
            0.09665,
            0.09717,
            0.09776,
            0.09839999999999999,
            0.09906,
            0.09973,
            0.10235999999999999,
            0.10254,
            0.10293999999999999,
            0.1035,
            0.10411999999999999,
            0.1048,
            0.10553000000000001,
            0.10632,
            0.10715000000000001,
            0.10805000000000001,
            0.109,
            0.11,
            0.11107,
            0.1122,
            0.1134,
            0.11466,
            0.11598,
            0.11737,
            0.11883,
            0.12036
        ],
        "sigma current": [],
        "temperature": [],
        "humidity": []
    },
    "IV_IMG": [],
    "LEAK_CURRENT": 0.10293999999999999,
    "MAXIMUM_VOLTAGE": 200,
    "NO_BREAKDOWN_VOLTAGE_OBSERVED": true
}