{
    "properties": {
        "ANALYSIS_VERSION": "450ffd4c",
        "HUM": 0,
        "TEMP": 20
    },
    "BREAKDOWN_VOLTAGE": -999,
    "IV_ARRAY": {
        "time": [
            0,
            2,
            4,
            6,
            8,
            10,
            12,
            14,
            16,
            18,
            20,
            22,
            24,
            26,
            28,
            30,
            32,
            34,
            36,
            38,
            40,
            42,
            44,
            46,
            48,
            50,
            52,
            54,
            56,
            58,
            60,
            62,
            64,
            66,
            68,
            70,
            72,
            74,
            76,
            78,
            80
        ],
        "voltage": [
            0,
            5,
            10,
            15,
            20,
            25,
            30,
            35,
            40,
            45,
            50,
            55,
            60,
            65,
            70,
            75,
            80,
            85,
            90,
            95,
            100,
            105,
            110,
            115,
            120,
            125,
            130,
            135,
            140,
            145,
            150,
            155,
            160,
            165,
            170,
            175,
            180,
            185,
            190,
            195,
            200
        ],
        "current": [
            3e-07,
            0.0881,
            0.07775,
            0.08193,
            0.08475,
            0.087,
            0.08896,
            0.09079,
            0.0926,
            0.09441,
            0.096,
            0.09634,
            0.09641,
            0.09695000000000001,
            0.09753,
            0.09823,
            0.09897,
            0.09967000000000001,
            0.10034,
            0.10103,
            0.10172,
            0.1031,
            0.10373,
            0.10439999999999999,
            0.1051,
            0.10583000000000001,
            0.10661999999999999,
            0.10743,
            0.10828,
            0.10917,
            0.1101,
            0.11107,
            0.1121,
            0.11318,
            0.11431999999999999,
            0.11550999999999999,
            0.11677000000000001,
            0.11809,
            0.11946999999999999,
            0.12092,
            0.12243
        ],
        "sigma current": [],
        "temperature": [],
        "humidity": []
    },
    "IV_IMG": [],
    "LEAK_CURRENT": 0.10439999999999999,
    "MAXIMUM_VOLTAGE": 200,
    "NO_BREAKDOWN_VOLTAGE_OBSERVED": true
}