{
    "properties": {
        "ANALYSIS_VERSION": "450ffd4c",
        "HUM": 0,
        "TEMP": 20
    },
    "BREAKDOWN_VOLTAGE": -999,
    "IV_ARRAY": {
        "time": [
            0,
            2,
            4,
            6,
            8,
            10,
            12,
            14,
            16,
            18,
            20,
            22,
            24,
            26,
            28,
            30,
            32,
            34,
            36,
            38,
            40,
            42,
            44,
            46,
            48,
            50,
            52,
            54,
            56,
            58,
            60,
            62,
            64,
            66,
            68,
            70,
            72,
            74,
            76,
            78,
            80
        ],
        "voltage": [
            0,
            5,
            10,
            15,
            20,
            25,
            30,
            35,
            40,
            45,
            50,
            55,
            60,
            65,
            70,
            75,
            80,
            85,
            90,
            95,
            100,
            105,
            110,
            115,
            120,
            125,
            130,
            135,
            140,
            145,
            150,
            155,
            160,
            165,
            170,
            175,
            180,
            185,
            190,
            195,
            200
        ],
        "current": [
            5e-07,
            0.10317,
            0.08761000000000001,
            0.0909,
            0.09268,
            0.09393,
            0.09494,
            0.09581999999999999,
            0.09661,
            0.09734,
            0.09797,
            0.09849000000000001,
            0.09892000000000001,
            0.09932,
            0.09975,
            0.10021999999999999,
            0.10072,
            0.10125999999999999,
            0.10184,
            0.10246000000000001,
            0.1031,
            0.10592,
            0.10578,
            0.10609,
            0.10661999999999999,
            0.10723,
            0.1079,
            0.10865999999999999,
            0.10948,
            0.11035,
            0.11126000000000001,
            0.11222,
            0.11324,
            0.11431999999999999,
            0.11546000000000001,
            0.11667999999999999,
            0.11796000000000001,
            0.11931,
            0.12072999999999999,
            0.12221000000000001,
            0.12377
        ],
        "sigma current": [],
        "temperature": [],
        "humidity": []
    },
    "IV_IMG": [],
    "LEAK_CURRENT": 0.10609,
    "MAXIMUM_VOLTAGE": 200,
    "NO_BREAKDOWN_VOLTAGE_OBSERVED": true
}