{
    "properties": {
        "ANALYSIS_VERSION": "450ffd4c",
        "HUM": 0,
        "TEMP": 20
    },
    "BREAKDOWN_VOLTAGE": -999,
    "IV_ARRAY": {
        "time": [
            0,
            2,
            4,
            6,
            8,
            10,
            12,
            14,
            16,
            18,
            20,
            22,
            24,
            26,
            28,
            30,
            32,
            34,
            36,
            38,
            40,
            42,
            44,
            46,
            48,
            50,
            52,
            54,
            56,
            58,
            60,
            62,
            64,
            66,
            68,
            70,
            72,
            74,
            76,
            78,
            80
        ],
        "voltage": [
            0,
            5,
            10,
            15,
            20,
            25,
            30,
            35,
            40,
            45,
            50,
            55,
            60,
            65,
            70,
            75,
            80,
            85,
            90,
            95,
            100,
            105,
            110,
            115,
            120,
            125,
            130,
            135,
            140,
            145,
            150,
            155,
            160,
            165,
            170,
            175,
            180,
            185,
            190,
            195,
            200
        ],
        "current": [
            6e-07,
            0.09621,
            0.0828,
            0.08626,
            0.08844,
            0.09012,
            0.09154,
            0.09283000000000001,
            0.094,
            0.0951,
            0.09607,
            0.09682,
            0.09745000000000001,
            0.09802999999999999,
            0.09867,
            0.09932,
            0.09993999999999999,
            0.10057,
            0.10121000000000001,
            0.10186,
            0.10253000000000001,
            0.10491,
            0.1051,
            0.10556,
            0.10615,
            0.1068,
            0.1075,
            0.10823999999999999,
            0.10903,
            0.10987000000000001,
            0.11076,
            0.11171,
            0.11272,
            0.11377000000000001,
            0.11489,
            0.11608,
            0.11732,
            0.11864999999999999,
            0.12002000000000002,
            0.12146,
            0.12297
        ],
        "sigma current": [],
        "temperature": [],
        "humidity": []
    },
    "IV_IMG": [],
    "LEAK_CURRENT": 0.10556,
    "MAXIMUM_VOLTAGE": 200,
    "NO_BREAKDOWN_VOLTAGE_OBSERVED": true
}