{
    "properties": {
        "ANALYSIS_VERSION": "450ffd4c",
        "HUM": 0,
        "TEMP": 20
    },
    "BREAKDOWN_VOLTAGE": -999,
    "IV_ARRAY": {
        "time": [
            0,
            2,
            4,
            6,
            8,
            10,
            12,
            14,
            16,
            18,
            20,
            22,
            24,
            26,
            28,
            30,
            32,
            34,
            36,
            38,
            40,
            42,
            44,
            46,
            48,
            50,
            52,
            54,
            56,
            58,
            60,
            62,
            64,
            66,
            68,
            70,
            72,
            74,
            76,
            78,
            80
        ],
        "voltage": [
            0,
            5,
            10,
            15,
            20,
            25,
            30,
            35,
            40,
            45,
            50,
            55,
            60,
            65,
            70,
            75,
            80,
            85,
            90,
            95,
            100,
            105,
            110,
            115,
            120,
            125,
            130,
            135,
            140,
            145,
            150,
            155,
            160,
            165,
            170,
            175,
            180,
            185,
            190,
            195,
            200
        ],
        "current": [
            1.0000000000000001e-07,
            0.08786,
            0.07708,
            0.08089,
            0.08385,
            0.08588,
            0.08762,
            0.08916,
            0.09059,
            0.09183,
            0.09296,
            0.09387000000000001,
            0.09466000000000001,
            0.0954,
            0.09618,
            0.09698,
            0.09773,
            0.09845999999999999,
            0.0992,
            0.09995000000000001,
            0.10028,
            0.10164000000000001,
            0.10227,
            0.10297,
            0.10374,
            0.10452,
            0.10535,
            0.10618,
            0.10705999999999999,
            0.10797,
            0.10893,
            0.10991999999999999,
            0.11094,
            0.11205999999999999,
            0.1132,
            0.11442000000000001,
            0.1157,
            0.11702,
            0.11841,
            0.11986,
            0.1214
        ],
        "sigma current": [],
        "temperature": [],
        "humidity": []
    },
    "IV_IMG": [],
    "LEAK_CURRENT": 0.10297,
    "MAXIMUM_VOLTAGE": 200,
    "NO_BREAKDOWN_VOLTAGE_OBSERVED": true
}