{
    "properties": {
        "ANALYSIS_VERSION": "450ffd4c",
        "HUM": 0,
        "TEMP": 20
    },
    "BREAKDOWN_VOLTAGE": -999,
    "IV_ARRAY": {
        "time": [
            0,
            2,
            4,
            6,
            8,
            10,
            12,
            14,
            16,
            18,
            20,
            22,
            24,
            26,
            28,
            30,
            32,
            34,
            36,
            38,
            40,
            42,
            44,
            46,
            48,
            50,
            52,
            54,
            56,
            58,
            60,
            62,
            64,
            66,
            68,
            70,
            72,
            74,
            76,
            78,
            80
        ],
        "voltage": [
            0,
            5,
            10,
            15,
            20,
            25,
            30,
            35,
            40,
            45,
            50,
            55,
            60,
            65,
            70,
            75,
            80,
            85,
            90,
            95,
            100,
            105,
            110,
            115,
            120,
            125,
            130,
            135,
            140,
            145,
            150,
            155,
            160,
            165,
            170,
            175,
            180,
            185,
            190,
            195,
            200
        ],
        "current": [
            2.1e-06,
            0.09904,
            0.08499,
            0.08887,
            0.09118,
            0.09287,
            0.09420999999999999,
            0.09535,
            0.09638,
            0.09706999999999999,
            0.09781,
            0.09846999999999999,
            0.09902999999999999,
            0.09952,
            0.10003000000000001,
            0.10058,
            0.10116,
            0.10177,
            0.10241,
            0.10307999999999999,
            0.10378,
            0.10612,
            0.10636,
            0.10686000000000001,
            0.10749,
            0.1082,
            0.10894,
            0.10973000000000001,
            0.11055,
            0.11142,
            0.11234999999999999,
            0.11333,
            0.11438,
            0.11549,
            0.11666,
            0.11789000000000001,
            0.11917,
            0.12051,
            0.12192,
            0.12339,
            0.12492
        ],
        "sigma current": [],
        "temperature": [],
        "humidity": []
    },
    "IV_IMG": [],
    "LEAK_CURRENT": 0.10686000000000001,
    "MAXIMUM_VOLTAGE": 200,
    "NO_BREAKDOWN_VOLTAGE_OBSERVED": true
}