{
    "properties": {
        "ANALYSIS_VERSION": "450ffd4c",
        "HUM": 0,
        "TEMP": 20
    },
    "BREAKDOWN_VOLTAGE": -999,
    "IV_ARRAY": {
        "time": [
            0,
            2,
            4,
            6,
            8,
            10,
            12,
            14,
            16,
            18,
            20,
            22,
            24,
            26,
            28,
            30,
            32,
            34,
            36,
            38,
            40,
            42,
            44,
            46,
            48,
            50,
            52,
            54,
            56,
            58,
            60,
            62,
            64,
            66,
            68,
            70,
            72,
            74,
            76,
            78,
            80
        ],
        "voltage": [
            0,
            5,
            10,
            15,
            20,
            25,
            30,
            35,
            40,
            45,
            50,
            55,
            60,
            65,
            70,
            75,
            80,
            85,
            90,
            95,
            100,
            105,
            110,
            115,
            120,
            125,
            130,
            135,
            140,
            145,
            150,
            155,
            160,
            165,
            170,
            175,
            180,
            185,
            190,
            195,
            200
        ],
        "current": [
            7.5e-06,
            0.09137,
            0.07884999999999999,
            0.08186,
            0.08413,
            0.08575999999999999,
            0.08714,
            0.08842,
            0.08965,
            0.09081,
            0.09147999999999999,
            0.09197,
            0.09241,
            0.09289,
            0.09343,
            0.094,
            0.09455999999999999,
            0.09514,
            0.09573999999999999,
            0.09637,
            0.09704,
            0.09870000000000001,
            0.09916,
            0.09977,
            0.10051,
            0.10134,
            0.10225000000000001,
            0.10321999999999999,
            0.10428000000000001,
            0.10540000000000001,
            0.10661,
            0.10791,
            0.10928,
            0.11075,
            0.11231000000000001,
            0.11395999999999999,
            0.11569,
            0.11753,
            0.11945,
            0.12148,
            0.12358
        ],
        "sigma current": [],
        "temperature": [],
        "humidity": []
    },
    "IV_IMG": [],
    "LEAK_CURRENT": 0.09916,
    "MAXIMUM_VOLTAGE": 200,
    "NO_BREAKDOWN_VOLTAGE_OBSERVED": true
}