{
    "properties": {
        "ANALYSIS_VERSION": "ad4945a2",
        "HUM": 0,
        "TEMP": 20
    },
    "BREAKDOWN_VOLTAGE": -999,
    "IV_ARRAY": {
        "time": [
            0,
            2,
            4,
            6,
            8,
            10,
            12,
            14,
            16,
            18,
            20,
            22,
            24,
            26,
            28,
            30,
            32,
            34,
            36,
            38,
            40,
            42,
            44,
            46,
            48,
            50,
            52,
            54,
            56,
            58,
            60,
            62,
            64,
            66,
            68,
            70,
            72,
            74,
            76,
            78,
            80
        ],
        "voltage": [
            0,
            5,
            10,
            15,
            20,
            25,
            30,
            35,
            40,
            45,
            50,
            55,
            60,
            65,
            70,
            75,
            80,
            85,
            90,
            95,
            100,
            105,
            110,
            115,
            120,
            125,
            130,
            135,
            140,
            145,
            150,
            155,
            160,
            165,
            170,
            175,
            180,
            185,
            190,
            195,
            200
        ],
        "current": [
            4.0000000000000003e-07,
            0.09028,
            0.07967,
            0.08389,
            0.08658,
            0.08859,
            0.09017,
            0.09150000000000001,
            0.09263,
            0.09363,
            0.09452,
            0.09535,
            0.09609,
            0.09657,
            0.09698999999999999,
            0.09751,
            0.09827000000000001,
            0.09906,
            0.09984,
            0.10062,
            0.10139999999999999,
            0.10292,
            0.10352,
            0.10417,
            0.10489,
            0.10565,
            0.10644,
            0.10725,
            0.1081,
            0.109,
            0.10995,
            0.11095,
            0.11201,
            0.11312,
            0.11427,
            0.11547,
            0.11671000000000001,
            0.11800999999999999,
            0.11936000000000001,
            0.12076,
            0.12223
        ],
        "sigma current": [],
        "temperature": [],
        "humidity": []
    },
    "IV_IMG": "3fa7aac384d0b36fac3e1663ea3d4daefd9e53c19b233fef5daa60b0843c7275",
    "LEAK_CURRENT": 0.10139999999999999,
    "MAXIMUM_VOLTAGE": 200,
    "NO_BREAKDOWN_VOLTAGE_OBSERVED": true
}