{
    "properties": {
        "ANALYSIS_VERSION": "450ffd4c",
        "HUM": 0,
        "TEMP": 20
    },
    "BREAKDOWN_VOLTAGE": -999,
    "IV_ARRAY": {
        "time": [
            0,
            2,
            4,
            6,
            8,
            10,
            12,
            14,
            16,
            18,
            20,
            22,
            24,
            26,
            28,
            30,
            32,
            34,
            36,
            38,
            40,
            42,
            44,
            46,
            48,
            50,
            52,
            54,
            56,
            58,
            60,
            62,
            64,
            66,
            68,
            70,
            72,
            74,
            76,
            78,
            80
        ],
        "voltage": [
            0,
            5,
            10,
            15,
            20,
            25,
            30,
            35,
            40,
            45,
            50,
            55,
            60,
            65,
            70,
            75,
            80,
            85,
            90,
            95,
            100,
            105,
            110,
            115,
            120,
            125,
            130,
            135,
            140,
            145,
            150,
            155,
            160,
            165,
            170,
            175,
            180,
            185,
            190,
            195,
            200
        ],
        "current": [
            3e-07,
            0.08529,
            0.07583,
            0.08011,
            0.08303999999999999,
            0.08543,
            0.08742,
            0.08928,
            0.09103,
            0.0927,
            0.09424,
            0.09558,
            0.09648999999999999,
            0.09689,
            0.09764,
            0.0985,
            0.09936,
            0.10021,
            0.10107000000000001,
            0.10193,
            0.10277,
            0.10408,
            0.10487,
            0.10567,
            0.10649,
            0.10733,
            0.10819000000000001,
            0.10907,
            0.10998,
            0.11092,
            0.1119,
            0.11291999999999999,
            0.11399000000000001,
            0.11512,
            0.1163,
            0.11753,
            0.11883,
            0.12018999999999999,
            0.12160999999999998,
            0.12310000000000001,
            0.12465
        ],
        "sigma current": [],
        "temperature": [],
        "humidity": []
    },
    "IV_IMG": [],
    "LEAK_CURRENT": 0.10567,
    "MAXIMUM_VOLTAGE": 200,
    "NO_BREAKDOWN_VOLTAGE_OBSERVED": true
}