{
    "properties": {
        "ANALYSIS_VERSION": "450ffd4c",
        "HUM": 0,
        "TEMP": 20
    },
    "BREAKDOWN_VOLTAGE": -999,
    "IV_ARRAY": {
        "time": [
            0,
            2,
            4,
            6,
            8,
            10,
            12,
            14,
            16,
            18,
            20,
            22,
            24,
            26,
            28,
            30,
            32,
            34,
            36,
            38,
            40,
            42,
            44,
            46,
            48,
            50,
            52,
            54,
            56,
            58,
            60,
            62,
            64,
            66,
            68,
            70,
            72,
            74,
            76,
            78,
            80
        ],
        "voltage": [
            0,
            5,
            10,
            15,
            20,
            25,
            30,
            35,
            40,
            45,
            50,
            55,
            60,
            65,
            70,
            75,
            80,
            85,
            90,
            95,
            100,
            105,
            110,
            115,
            120,
            125,
            130,
            135,
            140,
            145,
            150,
            155,
            160,
            165,
            170,
            175,
            180,
            185,
            190,
            195,
            200
        ],
        "current": [
            3e-07,
            0.07903,
            0.07028000000000001,
            0.0742,
            0.07694999999999999,
            0.07926,
            0.0814,
            0.08357,
            0.0858,
            0.08777,
            0.08931,
            0.09054,
            0.0907,
            0.09121,
            0.09173,
            0.09244999999999999,
            0.09323,
            0.09405999999999999,
            0.09488,
            0.09569000000000001,
            0.09648999999999999,
            0.09757,
            0.09839999999999999,
            0.09925,
            0.10011,
            0.10096,
            0.10183,
            0.10271999999999999,
            0.10364,
            0.10458,
            0.10556,
            0.10659,
            0.10765,
            0.10877,
            0.10993,
            0.11114,
            0.11241,
            0.11374,
            0.11513,
            0.11659,
            0.11810000000000001
        ],
        "sigma current": [],
        "temperature": [],
        "humidity": []
    },
    "IV_IMG": [],
    "LEAK_CURRENT": 0.09925,
    "MAXIMUM_VOLTAGE": 200,
    "NO_BREAKDOWN_VOLTAGE_OBSERVED": true
}