{
    "properties": {
        "ANALYSIS_VERSION": "450ffd4c",
        "HUM": 0,
        "TEMP": 20
    },
    "BREAKDOWN_VOLTAGE": -999,
    "IV_ARRAY": {
        "time": [
            0,
            2,
            4,
            6,
            8,
            10,
            12,
            14,
            16,
            18,
            20,
            22,
            24,
            26,
            28,
            30,
            32,
            34,
            36,
            38,
            40,
            42,
            44,
            46,
            48,
            50,
            52,
            54,
            56,
            58,
            60,
            62,
            64,
            66,
            68,
            70,
            72,
            74,
            76,
            78,
            80
        ],
        "voltage": [
            0,
            5,
            10,
            15,
            20,
            25,
            30,
            35,
            40,
            45,
            50,
            55,
            60,
            65,
            70,
            75,
            80,
            85,
            90,
            95,
            100,
            105,
            110,
            115,
            120,
            125,
            130,
            135,
            140,
            145,
            150,
            155,
            160,
            165,
            170,
            175,
            180,
            185,
            190,
            195,
            200
        ],
        "current": [
            5e-07,
            0.09953000000000001,
            0.08521,
            0.0886,
            0.0905,
            0.09183999999999999,
            0.09290000000000001,
            0.09387000000000001,
            0.09474,
            0.09555000000000001,
            0.09621,
            0.09675,
            0.09724000000000001,
            0.09771,
            0.09820000000000001,
            0.09872,
            0.09925,
            0.09984,
            0.10047,
            0.10112,
            0.10176,
            0.10439,
            0.10438,
            0.10474,
            0.10528,
            0.10590000000000001,
            0.10658000000000001,
            0.10733,
            0.10813,
            0.10898,
            0.10986,
            0.1108,
            0.11178,
            0.11282,
            0.11391000000000001,
            0.11508,
            0.11629,
            0.11759,
            0.11894,
            0.12036,
            0.12184000000000002
        ],
        "sigma current": [],
        "temperature": [],
        "humidity": []
    },
    "IV_IMG": [],
    "LEAK_CURRENT": 0.10474,
    "MAXIMUM_VOLTAGE": 200,
    "NO_BREAKDOWN_VOLTAGE_OBSERVED": true
}