{
    "properties": {
        "ANALYSIS_VERSION": "450ffd4c",
        "HUM": 0,
        "TEMP": 20
    },
    "BREAKDOWN_VOLTAGE": -999,
    "IV_ARRAY": {
        "time": [
            0,
            2,
            4,
            6,
            8,
            10,
            12,
            14,
            16,
            18,
            20,
            22,
            24,
            26,
            28,
            30,
            32,
            34,
            36,
            38,
            40,
            42,
            44,
            46,
            48,
            50,
            52,
            54,
            56,
            58,
            60,
            62,
            64,
            66,
            68,
            70,
            72,
            74,
            76,
            78,
            80
        ],
        "voltage": [
            0,
            5,
            10,
            15,
            20,
            25,
            30,
            35,
            40,
            45,
            50,
            55,
            60,
            65,
            70,
            75,
            80,
            85,
            90,
            95,
            100,
            105,
            110,
            115,
            120,
            125,
            130,
            135,
            140,
            145,
            150,
            155,
            160,
            165,
            170,
            175,
            180,
            185,
            190,
            195,
            200
        ],
        "current": [
            1.0000000000000001e-07,
            0.09706,
            0.08306000000000001,
            0.08643,
            0.08863,
            0.09081,
            0.0924,
            0.09380000000000001,
            0.09505,
            0.09584000000000001,
            0.0965,
            0.09722,
            0.09782,
            0.09833,
            0.09883,
            0.09934,
            0.09991,
            0.10051,
            0.10116,
            0.10181,
            0.10247,
            0.10354,
            0.10399,
            0.10455,
            0.1052,
            0.10591,
            0.10666,
            0.10745,
            0.10828,
            0.10916000000000001,
            0.1101,
            0.11108,
            0.11212,
            0.11322,
            0.11438,
            0.11560000000000001,
            0.11689,
            0.11824000000000001,
            0.11966,
            0.12115,
            0.12270999999999999
        ],
        "sigma current": [],
        "temperature": [],
        "humidity": []
    },
    "IV_IMG": [],
    "LEAK_CURRENT": 0.10455,
    "MAXIMUM_VOLTAGE": 200,
    "NO_BREAKDOWN_VOLTAGE_OBSERVED": true
}