{
    "properties": {
        "ANALYSIS_VERSION": "450ffd4c",
        "HUM": 0,
        "TEMP": 20
    },
    "BREAKDOWN_VOLTAGE": -999,
    "IV_ARRAY": {
        "time": [
            0,
            2,
            4,
            6,
            8,
            10,
            12,
            14,
            16,
            18,
            20,
            22,
            24,
            26,
            28,
            30,
            32,
            34,
            36,
            38,
            40,
            42,
            44,
            46,
            48,
            50,
            52,
            54,
            56,
            58,
            60,
            62,
            64,
            66,
            68,
            70,
            72,
            74,
            76,
            78,
            80
        ],
        "voltage": [
            0,
            5,
            10,
            15,
            20,
            25,
            30,
            35,
            40,
            45,
            50,
            55,
            60,
            65,
            70,
            75,
            80,
            85,
            90,
            95,
            100,
            105,
            110,
            115,
            120,
            125,
            130,
            135,
            140,
            145,
            150,
            155,
            160,
            165,
            170,
            175,
            180,
            185,
            190,
            195,
            200
        ],
        "current": [
            3e-07,
            0.07718,
            0.06824,
            0.07196000000000001,
            0.07458999999999999,
            0.07678,
            0.07873000000000001,
            0.08051,
            0.08215,
            0.08357,
            0.08478,
            0.08586,
            0.08685,
            0.08777,
            0.08866,
            0.08953,
            0.09039,
            0.09125,
            0.09212,
            0.09299,
            0.09386,
            0.09508,
            0.09588999999999999,
            0.09674,
            0.0976,
            0.09846999999999999,
            0.09936,
            0.10027,
            0.10121000000000001,
            0.10218,
            0.10319,
            0.10424,
            0.10534,
            0.10649,
            0.10769,
            0.10895,
            0.11026999999999999,
            0.11165,
            0.11309,
            0.11459,
            0.11616
        ],
        "sigma current": [],
        "temperature": [],
        "humidity": []
    },
    "IV_IMG": [],
    "LEAK_CURRENT": 0.09674,
    "MAXIMUM_VOLTAGE": 200,
    "NO_BREAKDOWN_VOLTAGE_OBSERVED": true
}