{
    "properties": {
        "ANALYSIS_VERSION": "450ffd4c",
        "HUM": 0,
        "TEMP": 20
    },
    "BREAKDOWN_VOLTAGE": -999,
    "IV_ARRAY": {
        "time": [
            0,
            2,
            4,
            6,
            8,
            10,
            12,
            14,
            16,
            18,
            20,
            22,
            24,
            26,
            28,
            30,
            32,
            34,
            36,
            38,
            40,
            42,
            44,
            46,
            48,
            50,
            52,
            54,
            56,
            58,
            60,
            62,
            64,
            66,
            68,
            70,
            72,
            74,
            76,
            78,
            80
        ],
        "voltage": [
            0,
            5,
            10,
            15,
            20,
            25,
            30,
            35,
            40,
            45,
            50,
            55,
            60,
            65,
            70,
            75,
            80,
            85,
            90,
            95,
            100,
            105,
            110,
            115,
            120,
            125,
            130,
            135,
            140,
            145,
            150,
            155,
            160,
            165,
            170,
            175,
            180,
            185,
            190,
            195,
            200
        ],
        "current": [
            5e-07,
            0.08385,
            0.07441,
            0.07862,
            0.08146,
            0.08372,
            0.08565,
            0.08738,
            0.08897999999999999,
            0.09052,
            0.09202,
            0.09341,
            0.09423000000000001,
            0.09439,
            0.095,
            0.09580999999999999,
            0.09666000000000001,
            0.09747,
            0.09824,
            0.09898,
            0.09975,
            0.10139,
            0.10208,
            0.10275000000000001,
            0.10345,
            0.10419999999999999,
            0.10499,
            0.10581,
            0.10666,
            0.10754999999999999,
            0.10848000000000001,
            0.10946,
            0.1105,
            0.11159,
            0.11275,
            0.11395999999999999,
            0.11521999999999999,
            0.11656000000000001,
            0.11796000000000001,
            0.11943000000000001,
            0.12096
        ],
        "sigma current": [],
        "temperature": [],
        "humidity": []
    },
    "IV_IMG": [],
    "LEAK_CURRENT": 0.10275000000000001,
    "MAXIMUM_VOLTAGE": 200,
    "NO_BREAKDOWN_VOLTAGE_OBSERVED": true
}