{
    "properties": {
        "ANALYSIS_VERSION": "450ffd4c",
        "HUM": 0,
        "TEMP": 20
    },
    "BREAKDOWN_VOLTAGE": -999,
    "IV_ARRAY": {
        "time": [
            0,
            2,
            4,
            6,
            8,
            10,
            12,
            14,
            16,
            18,
            20,
            22,
            24,
            26,
            28,
            30,
            32,
            34,
            36,
            38,
            40,
            42,
            44,
            46,
            48,
            50,
            52,
            54,
            56,
            58,
            60,
            62,
            64,
            66,
            68,
            70,
            72,
            74,
            76,
            78,
            80
        ],
        "voltage": [
            0,
            5,
            10,
            15,
            20,
            25,
            30,
            35,
            40,
            45,
            50,
            55,
            60,
            65,
            70,
            75,
            80,
            85,
            90,
            95,
            100,
            105,
            110,
            115,
            120,
            125,
            130,
            135,
            140,
            145,
            150,
            155,
            160,
            165,
            170,
            175,
            180,
            185,
            190,
            195,
            200
        ],
        "current": [
            3e-07,
            0.07845,
            0.07,
            0.07438,
            0.07763,
            0.08037,
            0.083,
            0.08559,
            0.08808,
            0.0905,
            0.09282,
            0.09501,
            0.09638,
            0.09676,
            0.09768,
            0.09885000000000001,
            0.09992999999999999,
            0.10112,
            0.10228,
            0.1035,
            0.10450000000000001,
            0.10518000000000001,
            0.10659,
            0.10787,
            0.10919999999999999,
            0.11042,
            0.11156,
            0.11279,
            0.11410999999999999,
            0.11545000000000001,
            0.11687,
            0.11832000000000001,
            0.1198,
            0.12139,
            0.12312000000000001,
            0.12486,
            0.12673,
            0.1287,
            0.13069,
            0.13286,
            0.13504
        ],
        "sigma current": [],
        "temperature": [],
        "humidity": []
    },
    "IV_IMG": [],
    "LEAK_CURRENT": 0.10787,
    "MAXIMUM_VOLTAGE": 200,
    "NO_BREAKDOWN_VOLTAGE_OBSERVED": true
}