{
    "properties": {
        "ANALYSIS_VERSION": "450ffd4c",
        "HUM": 0,
        "TEMP": 20
    },
    "BREAKDOWN_VOLTAGE": -999,
    "IV_ARRAY": {
        "time": [
            0,
            2,
            4,
            6,
            8,
            10,
            12,
            14,
            16,
            18,
            20,
            22,
            24,
            26,
            28,
            30,
            32,
            34,
            36,
            38,
            40,
            42,
            44,
            46,
            48,
            50,
            52,
            54,
            56,
            58,
            60,
            62,
            64,
            66,
            68,
            70,
            72,
            74,
            76,
            78,
            80
        ],
        "voltage": [
            0,
            5,
            10,
            15,
            20,
            25,
            30,
            35,
            40,
            45,
            50,
            55,
            60,
            65,
            70,
            75,
            80,
            85,
            90,
            95,
            100,
            105,
            110,
            115,
            120,
            125,
            130,
            135,
            140,
            145,
            150,
            155,
            160,
            165,
            170,
            175,
            180,
            185,
            190,
            195,
            200
        ],
        "current": [
            6e-07,
            0.07964,
            0.07308,
            0.07672,
            0.07912999999999999,
            0.08103,
            0.08261,
            0.08401,
            0.08531,
            0.08657,
            0.08782,
            0.08913,
            0.09035,
            0.09124,
            0.09151000000000001,
            0.092,
            0.09291,
            0.09376,
            0.09458,
            0.09521,
            0.09595,
            0.09708,
            0.09769,
            0.09836,
            0.09909,
            0.09985999999999999,
            0.10066,
            0.10151,
            0.10237,
            0.10328,
            0.10422000000000001,
            0.10521,
            0.10627,
            0.10737000000000001,
            0.10853,
            0.10974,
            0.111,
            0.11232,
            0.11370000000000001,
            0.11513999999999999,
            0.11664000000000001
        ],
        "sigma current": [],
        "temperature": [],
        "humidity": []
    },
    "IV_IMG": [],
    "LEAK_CURRENT": 0.09595,
    "MAXIMUM_VOLTAGE": 200,
    "NO_BREAKDOWN_VOLTAGE_OBSERVED": true
}