{
    "properties": {
        "ANALYSIS_VERSION": "450ffd4c",
        "HUM": 0,
        "TEMP": 20
    },
    "BREAKDOWN_VOLTAGE": -999,
    "IV_ARRAY": {
        "time": [
            0,
            2,
            4,
            6,
            8,
            10,
            12,
            14,
            16,
            18,
            20,
            22,
            24,
            26,
            28,
            30,
            32,
            34,
            36,
            38,
            40,
            42,
            44,
            46,
            48,
            50,
            52,
            54,
            56,
            58,
            60,
            62,
            64,
            66,
            68,
            70,
            72,
            74,
            76,
            78,
            80
        ],
        "voltage": [
            0,
            5,
            10,
            15,
            20,
            25,
            30,
            35,
            40,
            45,
            50,
            55,
            60,
            65,
            70,
            75,
            80,
            85,
            90,
            95,
            100,
            105,
            110,
            115,
            120,
            125,
            130,
            135,
            140,
            145,
            150,
            155,
            160,
            165,
            170,
            175,
            180,
            185,
            190,
            195,
            200
        ],
        "current": [
            1.0000000000000001e-07,
            0.09457,
            0.08285000000000001,
            0.08748,
            0.09051,
            0.09284,
            0.09472,
            0.09633,
            0.09774,
            0.09902,
            0.1002,
            0.10123,
            0.10213,
            0.10289000000000001,
            0.10364,
            0.10442,
            0.10522999999999999,
            0.10606,
            0.1069,
            0.10772,
            0.10851999999999999,
            0.11022,
            0.11083,
            0.1115,
            0.11227,
            0.11312,
            0.114,
            0.11489,
            0.11582,
            0.11679,
            0.11781,
            0.11885,
            0.11995000000000001,
            0.1211,
            0.12230999999999999,
            0.12356999999999999,
            0.12489,
            0.12628,
            0.12772,
            0.12923,
            0.1308
        ],
        "sigma current": [],
        "temperature": [],
        "humidity": []
    },
    "IV_IMG": [],
    "LEAK_CURRENT": 0.1115,
    "MAXIMUM_VOLTAGE": 200,
    "NO_BREAKDOWN_VOLTAGE_OBSERVED": true
}