{
    "properties": {
        "ANALYSIS_VERSION": "450ffd4c",
        "HUM": 0,
        "TEMP": 20
    },
    "BREAKDOWN_VOLTAGE": -999,
    "IV_ARRAY": {
        "time": [
            0,
            2,
            4,
            6,
            8,
            10,
            12,
            14,
            16,
            18,
            20,
            22,
            24,
            26,
            28,
            30,
            32,
            34,
            36,
            38,
            40,
            42,
            44,
            46,
            48,
            50,
            52,
            54,
            56,
            58,
            60,
            62,
            64,
            66,
            68,
            70,
            72,
            74,
            76,
            78,
            80
        ],
        "voltage": [
            0,
            5,
            10,
            15,
            20,
            25,
            30,
            35,
            40,
            45,
            50,
            55,
            60,
            65,
            70,
            75,
            80,
            85,
            90,
            95,
            100,
            105,
            110,
            115,
            120,
            125,
            130,
            135,
            140,
            145,
            150,
            155,
            160,
            165,
            170,
            175,
            180,
            185,
            190,
            195,
            200
        ],
        "current": [
            2.0000000000000002e-07,
            0.07970000000000001,
            0.07076,
            0.07472999999999999,
            0.07748000000000001,
            0.07973999999999999,
            0.08168,
            0.08342000000000001,
            0.08502,
            0.08653,
            0.08787,
            0.08906,
            0.09011000000000001,
            0.09108000000000001,
            0.092,
            0.09290000000000001,
            0.09380000000000001,
            0.09468,
            0.09555000000000001,
            0.09644,
            0.09734,
            0.0986,
            0.09943,
            0.10027,
            0.10110999999999999,
            0.10197,
            0.10283,
            0.10372,
            0.10464,
            0.10558999999999999,
            0.10658000000000001,
            0.1076,
            0.10868,
            0.10980000000000001,
            0.11098000000000001,
            0.11220999999999999,
            0.1135,
            0.11485,
            0.11626,
            0.11773,
            0.11925999999999999
        ],
        "sigma current": [],
        "temperature": [],
        "humidity": []
    },
    "IV_IMG": [],
    "LEAK_CURRENT": 0.10027,
    "MAXIMUM_VOLTAGE": 200,
    "NO_BREAKDOWN_VOLTAGE_OBSERVED": true
}