{
    "properties": {
        "ANALYSIS_VERSION": "2.2.4",
        "HUM": 0.9,
        "TEMP": 19.9
    },
    "BREAKDOWN_VOLTAGE": -999,
    "IV_ARRAY": {
        "time": [
            0,
            6.487893104553223,
            13.985714673995972,
            21.324350357055664,
            27.536362171173096,
            35.095757246017456,
            41.22560453414917,
            47.473326206207275,
            54.726993799209595,
            60.88328695297241,
            67.02353525161743,
            74.25855135917664,
            80.43275952339172,
            86.59701466560364,
            93.8276720046997,
            101.28073382377625,
            108.4881100654602,
            114.65972876548767,
            121.97094106674194,
            128.0994110107422,
            135.29884481430054,
            141.45883917808533,
            147.63840651512146,
            154.86941075325012,
            162.24359583854675,
            169.445063829422,
            175.59516024589539,
            181.7826850414276,
            189.00925135612488,
            195.18297934532166,
            202.46792912483215,
            208.63874316215515,
            215.86928057670593,
            222.28128671646118,
            229.47369718551636,
            236.68085050582886,
            242.78465580940247,
            250.03069043159485,
            256.18236017227173,
            263.41879773139954,
            270.67913126945496
        ],
        "voltage": [
            0.27401432395,
            4.84948682785,
            9.997206687927,
            15.000876426697,
            19.998340606689,
            25.000522613525,
            30.001720428467,
            35.001426696777,
            40.003120422363,
            45.001342773438,
            49.998073577881,
            55.001266479492,
            60.002723693848,
            64.99821472168,
            69.99991607666,
            74.997901916504,
            80.000099182129,
            84.998573303223,
            89.998542785645,
            94.99974822998,
            100.001457214355,
            104.99845123291,
            109.999656677246,
            114.999130249023,
            120.00008392334,
            125.001289367676,
            130.000991821289,
            134.998718261719,
            139.99967956543,
            144.99787902832,
            150.002792358398,
            154.996780395508,
            160.000686645508,
            164.997665405273,
            169.997604370117,
            174.999267578125,
            179.998458862305,
            185.000869750977,
            190.000534057617,
            195.000228881836,
            199.999618530273
        ],
        "current": [
            0.011913866666666667,
            0.0266214,
            0.030635133333333335,
            0.033003,
            0.03333326666666667,
            0.0343628,
            0.03491473333333333,
            0.035974,
            0.03680333333333333,
            0.03748733333333333,
            0.038444066666666665,
            0.0387216,
            0.03909346666666667,
            0.040056800000000004,
            0.04031453333333333,
            0.04037746666666667,
            0.0409556,
            0.04198526666666667,
            0.04148466666666666,
            0.042330400000000004,
            0.04322753333333333,
            0.0427236,
            0.043359999999999996,
            0.04371833333333333,
            0.0441646,
            0.044564599999999996,
            0.044557866666666675,
            0.04488173333333333,
            0.045589,
            0.0460598,
            0.04647133333333333,
            0.046466266666666665,
            0.04745766666666666,
            0.047795000000000004,
            0.048525,
            0.04872013333333333,
            0.049204200000000003,
            0.049853666666666664,
            0.050468533333333336,
            0.0508566,
            0.051611666666666674
        ],
        "sigma current": [
            0.0005080840575375392,
            0.0025149325693885768,
            0.0008137616241580709,
            0.0010783821215135203,
            0.0009988039609357552,
            0.0015855763801037328,
            0.00089749130251788,
            0.0013050928264741486,
            0.0012433580490330376,
            0.0009663374644698899,
            0.0004660141730932758,
            0.0007548081875549584,
            0.0014903665352938543,
            0.0011409620752430188,
            0.0014041448270168198,
            0.0008414895692984509,
            0.0006528695778746982,
            0.0006420018320697801,
            0.0009733583003973314,
            0.0005044218472667491,
            0.000874352892688289,
            0.0013050315704993497,
            0.0012261048079181482,
            0.0006717787334135155,
            0.0005907960489276915,
            0.0006651377730537177,
            0.0015908011398872797,
            0.0006668987357984147,
            0.0003752713304111754,
            0.0006795890775209031,
            0.0003116668703844502,
            0.0016710563154854496,
            0.0005926965818150451,
            0.0009298076606020647,
            0.00036446301007686,
            0.0004713857787215818,
            0.00045821644916536474,
            0.0005597991561605792,
            0.0007778882463500293,
            0.00031779413821798994,
            0.00048236036716289507
        ],
        "temperature": [
            19.86888888888889,
            19.892222222222223,
            19.857777777777777,
            19.87,
            19.903333333333332,
            19.892222222222223,
            19.936666666666667,
            19.936666666666667,
            19.936666666666667,
            19.903333333333332,
            19.936666666666667,
            19.936666666666667,
            19.91444444444444,
            19.903333333333332,
            19.87,
            19.87,
            19.892222222222223,
            19.892222222222223,
            19.88111111111111,
            19.91444444444444,
            19.925555555555555,
            19.903333333333332,
            19.903333333333332,
            19.925555555555555,
            19.91444444444444,
            19.892222222222223,
            19.892222222222223,
            19.936666666666667,
            19.88111111111111,
            19.88111111111111,
            19.903333333333332,
            19.892222222222223,
            19.925555555555555,
            19.88111111111111,
            19.892222222222223,
            19.91444444444444,
            19.892222222222223,
            19.925555555555555,
            19.892222222222223,
            19.925555555555555,
            19.925555555555555
        ],
        "humidity": [
            0.92,
            0.95,
            0.88,
            0.88,
            0.96,
            0.92,
            0.93,
            0.92,
            0.87,
            0.87,
            0.93,
            0.88,
            0.92,
            0.96,
            0.93,
            0.93,
            0.9,
            0.93,
            0.87,
            0.93,
            0.9,
            0.93,
            0.93,
            0.88,
            0.92,
            0.87,
            0.87,
            0.9,
            0.87,
            0.94,
            0.85,
            0.9,
            0.9,
            0.92,
            0.88,
            0.87,
            0.88,
            0.93,
            0.85,
            0.88,
            0.87
        ]
    },
    "LEAK_CURRENT": 0.04447895653207014,
    "MAXIMUM_VOLTAGE": 199.999618530273,
    "NO_BREAKDOWN_VOLTAGE_OBSERVED": true
}